Augustus Pablo Assignment No 1	G minor (6A)
Augustus Pablo Jah Rock	C major (8B)
Augustus Pablo Lover's Mood	G# minor (1A)
Augustus Pablo Guiding Red (Bonus Track)	A minor (8A)
Gregory Isaacs Slave Master	B major (1B)
Gregory Isaacs Get Ready	C major (8B)
Gregory Isaacs Set The Captive Free	G major (9B)
Gregory Isaacs The Winner	A major (11B)
Gregory Isaacs Smile	F minor (4A)
Alix Perez Empty Words	C# major (3B)
The Shanti-Ites Let H.I.M Arise........	Bb major (6B)
The Shanti-Ites Arise Dub	A# minor (3A)
The Shanti-Ites Emotion	A# minor (3A)
The Shanti-Ites Emotion Dub	A# minor (3A)
Danny Red Rasta We Rasta	B minor (10A)
Forward Fever Africa To Hollywood Dub	Eb major (5B)
Manasseh Chilum Dub	E minor (9A)
Danny Red Nobody	A minor (8A)
Manasseh Somebody Version	D major (10B)
Danny Red You Don't Know	Ab major (4B)
Manasseh Knowing Version	Ab major (4B)
Manasseh Medicine Version	C major (8B)
Steely Dan Black Cow	D major (10B)
Steely Dan Aja	G major (9B)
Tenastelin & King Alpha Rasta Mission (Dub 1)	A minor (8A)
Tenastelin & King Alpha Rasta Mission (Dub 2)	D major (10B)
Tenastelin & King Alpha Animal Rights	Ab major (4B)
Tenastelin & King Alpha Animal Rights (Dub 1)	A minor (8A)
Tenastelin & King Alpha Animal Rights (Dub 2)	A minor (8A)
Alpha & Omega King And Queen	A minor (8A)
Alpha & Omega Mankind See	A major (11B)
Alpha & Omega The Lions Den	A major (11B)
Alpha & Omega Rasta Woman	A minor (8A)
Alpha & Omega Pure And Clean	F minor (4A)
Alpha & Omega Sharu Att Our Aunt (Beginning And End)	C# major (3B)
The Alan Parsons Project I Robot	F major (7B)
The Alan Parsons Project I Wouldn't Want To Be Like You	C# major (3B)
The Alan Parsons Project Some Other Time	A minor (8A)
U-Roy Follow Me	E major (12B)
The War On Drugs Up All Night	D major (10B)
The War On Drugs Pain	G minor (6A)
The War On Drugs Holding On	F# major (2B)
The War On Drugs Strangest Thing	E major (12B)
The War On Drugs In Chains	B major (1B)
The War On Drugs Clean Living	C# major (3B)
N-Tropic Impact (Ad Mix)	E minor (9A)
Noise Darkling Baby	A major (11B)
Four Carry Nuts Professor Hastig	B minor (10A)
Snug Big Block	A# minor (3A)
Rastaliens Bodyspeaker	F# minor (11A)
Rastaliens Weird Condios	F# minor (11A)
Rastaliens Grumble	G major (9B)
Rastaliens Fitz Fatz	G# minor (1A)
Rastaliens Mission Not Possible	C major (8B)
Rastaliens Twister	G major (9B)
Rastaliens Fat Flip	G major (9B)
Rastaliens Mr. Sandman	C# minor (12A)
Manu Chao Clandestino	F# minor (11A)
Manu Chao Desaparecido	A minor (8A)
Manu Chao Bongo Bong	A minor (8A)
Manu Chao Je Ne T'Aime Plus	A minor (8A)
Manu Chao Mentira...	F minor (4A)
Manu Chao Malegria	A minor (8A)
Manu Chao La Vie À 2	F minor (4A)
Manu Chao Minha Galera	E major (12B)
Manu Chao La Despedida	B minor (10A)
Manu Chao El Viento	E major (12B)
Bluetech Leaving Babylon	F# minor (11A)
Bluetech Prophetic Sines	F minor (4A)
Bluetech Triangle (Retriangulated)	G minor (6A)
Bluetech Lusitania	E minor (9A)
Bluetech Lights From Mariana	F minor (4A)
The Zombies Hung Up On A Dream	C major (8B)
The Zombies Changes	G major (9B)
The Zombies I Want Her She Wants Me	G major (9B)
The Zombies This Will Be Our Year	A major (11B)
The Zombies Butcher's Tale (Western Front 1914)	A minor (8A)
The Zombies Friends Of Mine	C major (8B)
Aries, Gold Dubs & Jinx ft Eva Lazarus Fall In Love	F# minor (11A)
Aries, Gold Dubs, Bevan & Andy Sim ft Lion Art Chem Trails	A minor (8A)
Wickedsquad Domo-Kun-Bogle	E minor (9A)
Sonic Boom Just Imagine	C major (8B)
Sonic Boom Just A Little Piece Of Me	C major (8B)
Santana Dance Sister Dance (Baila Mi Hermana)	F minor (4A)
Santana Take Me With You	A minor (8A)
Santana Let Me	D minor (7A)
Santana Gitano	A minor (8A)
Santana Tell Me Are You Tired	Ab major (4B)
Santana Europa (Earth's Cry Heaven's Smile)	C minor (5A)
Santana Let It Shine	D major (10B)
Simon & Garfunkel We've Got A Groovey Thing Goin'	C minor (5A)
Simon & Garfunkel I Am A Rock	C major (8B)
Chinese Man Pandi Groove	A# minor (3A)
Chinese Man Searching For The Space Monkey	B major (1B)
Chinese Man Eight Y Cinco	D major (10B)
Chinese Man Bunni Groove	F# minor (11A)
Leo Le Bug Washington Square	F# minor (11A)
Chinese Man You Suck Me	B minor (10A)
Chinese Man, Leo Le Bug Indi Groove	D major (10B)
Chinese Man Skank In The Air	G major (9B)
Chinese Man, Le Yan Artichaut	D# minor (2A)
Chinese Man More	F# minor (11A)
Chinese Man Chinese Man	F# major (2B)
Santana Singing Winds, Crying Beasts	C major (8B)
Santana Black Magic Woman / Gypsy Queen	D minor (7A)
Santana Oye Como Va	G major (9B)
Santana Incident At Neshabur	C major (8B)
Santana Se A Cabo	A# minor (3A)
Santana Mother's Daughter	Bb major (6B)
Santana Samba Pa Ti	A minor (8A)
Santana Hope You're Feeling Better	D major (10B)
Santana El Nicoya	A# minor (3A)
Bob Dylan Like A Rolling Stone	C major (8B)
Bob Dylan Blowin' In The Wind	D major (10B)
Bob Dylan The Times They Are A-Changin'	G major (9B)
Bob Dylan Subterranean Homesick Blues	E minor (9A)
Man With No Name Sugar Rush (Refined Mix)	A minor (8A)
Man With No Name Cosmic Echoes	A# minor (3A)
Tribe Of Issachar Wardance (Serial Killaz Vip Mix)	F# minor (11A)
Bob Marley And The Wailers Kinky Reggae	F major (7B)
Santana Jingo	G major (9B)
Santana Soul Sacrifice	G major (9B)
Santana With A Liitle Help From My Friends	E major (12B)
Santana Persuasion	F# major (2B)
Santana Latin Tropical	A minor (8A)
Santana Travellin' Blues	C minor (5A)
Santana Fried Neckbones And Some Home Fries	C minor (5A)
Kai Tracid Your Own Reality (Energy Mix)	G major (9B)
Kai Tracid Your Own Reality (Single Mix)	B minor (10A)
Kai Tracid Your Own Reality (Tracid Mix)	B minor (10A)
Kai Tracid Your Own Reality (Vocal Mix)	B minor (10A)
Vendetta & Barber & Bad Kid Bad Chill	E minor (9A)
Vendetta & Barber & Bad Kid More Gun	F minor (4A)
Vendetta & Barber & Bad Kid Soundboy Dead	C# major (3B)
Vendetta & Barber & Bad Kid Try To Conquer I	C# minor (12A)
The James Taylor Quartet Living	A major (11B)
The James Taylor Quartet Chasing Dragons	A minor (8A)
The James Taylor Quartet Can't Buy Joy	C major (8B)
The James Taylor Quartet First Time	C# major (3B)
The James Taylor Quartet Outta Sight	G major (9B)
The James Taylor Quartet Change Your Mind	A major (11B)
The James Taylor Quartet Starship	D minor (7A)
The James Taylor Quartet Tko	A major (11B)
The James Taylor Quartet Mr C	D minor (7A)
Nirvana Come As You Are	E minor (9A)
Nirvana Breed	E major (12B)
Nirvana Territorial Pissings	D major (10B)
Nirvana Drain You	B minor (10A)
Conscious Sounds Dub Next Door	G major (9B)
Conscious Sounds Hard Road	A# minor (3A)
Shy FX & T Power Feelings	E minor (9A)
Shy FX & T Power Everyday	Eb major (5B)
Shy FX & T Power Feelings (Instrumental)	F major (7B)
Benny Page Rub A Dub	C# major (3B)
Benny Page Urban Tribe	G major (9B)
Dope Ammo vs Soundclash Roots + Future	A# minor (3A)
Dope Ammo Dub Criminal	F# major (2B)
Gang Related Rukus	A# minor (3A)
Gang Related Vibration	A# minor (3A)
Gaudi With Mad Professor Cinematic Dub	C# minor (12A)
DJ Panik & M-Rode Truth & Rights	C# major (3B)
Jera Precious	D major (10B)
Dijeyow Good Sensi	G major (9B)
Mooncat & Dijeyow Glock - War Gun War	C# minor (12A)
Ricky Tuff Feat. Dijeyow Herbalist	E minor (9A)
Run Tingz Cru Tempa	G major (9B)
Dijeyow & Jera Feel Good	G major (9B)
Isaac Maya, Daddy Freddy Move Ur Body	F# major (2B)
DJ Panik Feat Dijeyow Gangster	B major (1B)
Kitachi Meet Iration Steppas Scratch (Fling Foot Mix)	D# minor (2A)
Kitachi Meet Iration Steppas Scratch (Raw Stretch Foot Mix)	A minor (8A)
Sweet Smoke Silly Sally	D major (10B)
Sweet Smoke Baby Night	C# minor (12A)
The Doors The Changeling	G# minor (1A)
The Doors Break On Through (To The Other Side)	A major (11B)
St Germain Deep In It	Bb major (6B)
St Germain Thank U Mum (4 Everything You Did)	F# major (2B)
St Germain Street Scene (4 Shazz) (Jazz-Hop Remix)	G# minor (1A)
St Germain Easy To Remember	A# minor (3A)
St Germain Dub Experience II	G# minor (1A)
St Germain Forget It	G major (9B)
CJ Bolland The Prophet (Jericho Mania)	E minor (9A)
CJ Bolland The Prophet (Original Mix)	D major (10B)
CJ Bolland The Prophet (Hardknox Mix)	A major (11B)
Tame Impala Let It Happen	C# minor (12A)
Tame Impala It Is Not Meant To Be	C major (8B)
Tame Impala Desire Be Desire Go	C# major (3B)
Tame Impala Alter Ego	C major (8B)
Tame Impala Lucidity	E major (12B)
Tame Impala Jeremy's Storm	Eb major (5B)
Manmademan Lunar Lammas	G# minor (1A)
Serial Killaz Mash You Down	A major (11B)
Serial Killaz Live From Studio 1	C# minor (12A)
Nirvana About A Girl	F# minor (11A)
Nirvana Pennyroyal Tea	C# minor (12A)
Nirvana Dumb	F# major (2B)
Nirvana Plateau	E major (12B)
Nirvana Oh Me	Ab major (4B)
Nirvana Lake Of Fire	C# minor (12A)
Nirvana All Apologies	C# major (3B)
Nirvana Where Did You Sleep Last Night	Eb major (5B)
Filteria Dog Days Bliss	Ab major (4B)
Triquetra Voyager	C minor (5A)
Agneton 1001 Nights	D major (10B)
Psilocybe Project Dream Shaper	A major (11B)
DJ Jape du Marie & Jack Wax Rise Above This	C minor (5A)
Shivax Supernatural	C# major (3B)
The Congos Fisherman	E minor (9A)
The Congos Congoman	A# minor (3A)
The Congos Open Up The Gate	A minor (8A)
The Congos Children Crying	Ab major (4B)
The Congos La La Bam-Bam	F# major (2B)
The Congos Can't Come In	C# major (3B)
UB40 Burden Of Shame	B minor (10A)
UB40 Adella	C major (8B)
UB40 I Think It's Going To Rain Today	Bb major (6B)
UB40 25%	C minor (5A)
UB40 Food For Thought	G major (9B)
UB40 Little By Little	G minor (6A)
UB40 Signing Off	B minor (10A)
UB40 Madam Medusa	G# minor (1A)
UB40 Strange Fruit	B minor (10A)
UB40 Reefer Madness	A minor (8A)
Jacob Miller Jah Dread	B minor (10A)
Jacob Miller Each One Teach One	C major (8B)
Jacob Miller Each One Teach One Version	A# minor (3A)
Jacob Miller Girl Name Pat	Ab major (4B)
Jacob Miller Girl Name Pat Version	Ab major (4B)
Clint Eastwood & General Saint Stop That Train	F# minor (11A)
Clint Eastwood & General Saint Monkey Man	A minor (8A)
Pink Floyd Waiting For The Worms	G major (9B)
Pink Floyd Stop	A minor (8A)
Pink Floyd The Trial	E minor (9A)
Pink Floyd Outside The Wall	C major (8B)
Pink Floyd Speak To Me	C# major (3B)
Pink Floyd Breathe	B minor (10A)
Pink Floyd On The Run	A major (11B)
Pink Floyd Time	A major (11B)
Pink Floyd The Great Gig In The Sky	F major (7B)
Pink Floyd Money	B minor (10A)
Pink Floyd Us And Them	D major (10B)
Pink Floyd Any Colour You Like	C major (8B)
Pink Floyd Brain Damage	D major (10B)
Pink Floyd Eclipse	Bb major (6B)
King Gizzard & The Lizard Wizard The River	E major (12B)
King Gizzard & The Lizard Wizard Infinite Rise	A minor (8A)
King Gizzard & The Lizard Wizard God Is In The Rhythm	C major (8B)
King Gizzard & The Lizard Wizard Lonely Steel Sheet Flyer	F major (7B)
Benny Page Feat. Topcat Sound Fi Dead	G major (9B)
Benny Page Feat. Topcat You've Been Boasting	C# major (3B)
Yann Tiersen I've Never Been There	G major (9B)
Yann Tiersen Cascade Street	C# minor (12A)
Yann Tiersen Not That Simple	G major (9B)
Yann Tiersen Summer Nursery Rhyme No. 2	E minor (9A)
Yann Tiersen Summer Nursery Rhyme No. 3	G major (9B)
Yann Tiersen Already Gone	D minor (7A)
Yann Tiersen The Room	A# minor (3A)
Indica Dubs Meets Shiloh Ites A New Flower	F# minor (11A)
Capleton Prophet Rides Again (Extended Mix)	F# minor (11A)
Capleton Prophet Rides Again (Jungle Rmx)	F# minor (11A)
MJ12 Cosmic Watergate	G# minor (1A)
MJ12 Recovered Technologies	B minor (10A)
E-Z Rollers Skaface	C# major (3B)
E-Z Rollers So Good Tonight	C major (8B)
Mikkim Rub A Dub Rock	D major (10B)
Mikkim Rub A Dub Rock Instrumental	D major (10B)
Mikkim Break The Chains	E minor (9A)
Mikkim Break The Chains Instrumental	E minor (9A)
Daddy Teacha & Uptones No More War	D minor (7A)
Daddy Teacha Mother Of All Versions	B minor (10A)
Irie Ilodica Dreadwise Verse 5	B minor (10A)
Echo Vault & Jah Timothy I N I (Extended Mix)	D major (10B)
Forward Fever Ft Jah Timothy & Cyndica Hungry Lion (Extended Mix)	A# minor (3A)
Jah Embassy Players Ft Jah Timothy Self Confidence	D# minor (2A)
Jah Embassy Players Ft Jah Timothy Self Confidub	D# minor (2A)
Ionyouth Ft Jah Timothy Tim's Piano	Bb major (6B)
Ionyouth Ft Jah Timothy Verse 2	A major (11B)
Dubtown Abbey Ft Irie ilodica Dreadical Dance (Extended Mix)	C major (8B)
Dirty Dubsters Feat. Top Cat Girls Pon Mi Mind (Original Mix)	A# minor (3A)
Dirty Dubsters Feat. Top Cat Girls Pon Mi Mind (LionDub Remix)	Bb major (6B)
Dirty Dubsters Feat. Top Cat Girls Pon Mi Mind (Spenda C Remix)	F# major (2B)
Burning Spear Slavery Days	Bb major (6B)
Burning Spear The Invasion	A minor (8A)
Burning Spear Live Good	F major (7B)
Burning Spear Give Me	C major (8B)
Burning Spear Old Marcus Garvey	C major (8B)
Burning Spear Tradition	C# major (3B)
Burning Spear Jordan River	C# major (3B)
Burning Spear Resting Place	C# major (3B)
Mumford & Sons Awake My Soul	D major (10B)
Mumford & Sons Dust Bowl Dance	F minor (4A)
Mumford & Sons After The Storm	G major (9B)
Johnny Clarke No Lick No Dub	C major (8B)
Don Carlos Bosrock Dub	D major (10B)
Locksley Castell Some Good Dub	A major (11B)
Pale Grey Loss	F minor (4A)
Pale Grey Grace	C# major (3B)
Pale Grey Late Night	A minor (8A)
Pale Grey Ghost	F minor (4A)
Pale Grey Blizzard	Ab major (4B)
Pale Grey Light	C major (8B)
Pale Grey Wave	D major (10B)
The Wildlife Collective Sugar Me	F# minor (11A)
The Wildlife Collective Wadodem	G# minor (1A)
The Wildlife Collective No No No (You Don't Love Me)	Bb major (6B)
The Wildlife Collective Hail Up The Lion	G major (9B)
The Wildlife Collective I Need A Dollar	F# minor (11A)
The Wildlife Collective Bad Bwoy	Bb major (6B)
Ed Solo and Deekline Sensi	B minor (10A)
Ed Solo and Deekline Ghost Town	G major (9B)
Ed Solo and Deekline Man Down	F minor (4A)
Ed Solo and Deekline Untold	F major (7B)
JFB Five On It	A# minor (3A)
JFB Tequila Sunrise	C major (8B)
Jinx In Dub Amen In Session	F major (7B)
Jinx In Dub Seek And Find (Jinx In Dub Meets Kanjah)	C# minor (12A)
Ed Solo And Stickybuds Smoke The Weed	A# minor (3A)
Ed Solo And Stickybuds Joker Smoker	C# major (3B)
DJ Deekline & Ed Solo Hot This Year	G major (9B)
Ed Solo Here I Come	E minor (9A)
Ed Solo Ganja Smuggling	A# minor (3A)
DJ Deekline & Ed Solo, Specimen A Have Some Fun (Club Mix)	C# major (3B)
DJ Deekline & Ed Solo, Specimen A Let The Music Play	F major (7B)
Deekline & Ed Solo Bad Boys (Ben Snow & Jappa Remix)	E minor (9A)
Deekline & Ed Solo Bam Bam (Benny Page & Deekline Remix)	F major (7B)
Brian Brainstorm Footwork Skank	C# major (3B)
Brian Brainstorm Gunshot	A major (11B)
DJ Dubb I'm A Versionist	C# major (3B)
DJ Dubb Cenizas De Babylon	C# minor (12A)
Vandal Mr. Politician	F minor (4A)
Vandal Fyah Burn	D major (10B)
Danger Marc Paradise	E major (12B)
Mandidextrous & Vandal Gals Dem Sugar	C# major (3B)
Vandal Run Off Ya Mouth	B minor (10A)
Suburbass Swing My Brain	B minor (10A)
Vandal & Radium Fatty Fatty	F# minor (11A)
Vandal & Beenie Man More Fire	C# major (3B)
Serial Killaz My Sound A Champion	B major (1B)
Serial Killaz Walk Like A Champion	E minor (9A)
Serial Killaz Worries Inna Dance (Revival Mix)	G major (9B)
Serial Killaz Worries Inna Dance (Rockers Mix)	G major (9B)
Serial Killaz Walk & Skank	D major (10B)
Serial Killaz Put It On	C# major (3B)
Kraftwerk Geiger Counter	A# minor (3A)
Kraftwerk Ohm Sweet Ohm	Ab major (4B)
Kraftwerk Europe Endless	B major (1B)
Kraftwerk The Hall Of Mirrors	E major (12B)
Kraftwerk Showroom Dummies	C minor (5A)
Kraftwerk Trans Europe Express	C# major (3B)
Kraftwerk Metal On Metal	A# minor (3A)
Kraftwerk Abzug	C# major (3B)
Kraftwerk Franz Schubert	D major (10B)
Kraftwerk Endless Endless	B major (1B)
Kraftwerk Mitternacht	D major (10B)
Kraftwerk Morgenspaziergang	E minor (9A)
Terry T Jahoviah Ina Dub	G# minor (1A)
Terry T Only You	A# minor (3A)
Demolition Man Fire (Serial Killaz Remix)	E minor (9A)
Demolition Man Fire (Kenny Ken & Mace Remix)	C# major (3B)
O.B.F. & Mr Williamz Mandela (Tribute To The Freedom Fighter) (Krak In Dub Rmx)	G major (9B)
Skinshape Sua Alma	F major (7B)
Skinshape In The End	Eb major (5B)
Visionary You Can't Surrender	D major (10B)
Vibronics Rastaman's Story	Bb major (6B)
Vibronics Dub Advance	G major (9B)
Vibronics Jah Music	E minor (9A)
Vibronics Jah Dub	B minor (10A)
Vibronics Samsara	C# major (3B)
Vibronics Vintage Dub	A major (11B)
Vibronics Positive Direction	G# minor (1A)
Vibronics Positive Dub	A major (11B)
Vibronics Beat Down Babylon	E major (12B)
Vibronics Dub Crisis	B minor (10A)
Vibronics Kali Mountain	A minor (8A)
Vibronics Rosetta Stone	A# minor (3A)
Vibronics On Jah Side	A minor (8A)
Vibronics On Jah Dub	C major (8B)
Vibronics Mother Earth	B minor (10A)
Alpha & Omega Many Stories To Be Told	C# minor (12A)
Alpha & Omega Book Of Dub	C# minor (12A)
The Disciples Poor Man's Prayer	G major (9B)
Prānā Scarab	C# major (3B)
Kailash Higher (Original)	C# major (3B)
Kailash Higher (Bamboo Mix)	Ab major (4B)
Tame Impala Why Won't They Talk To Me?	G major (9B)
Tame Impala Feels Like We Only Go Backwards	D minor (7A)
Tame Impala Keep On Lying	C minor (5A)
Tame Impala Elephant	A minor (8A)
Tame Impala She Just Won't Believe Me	C major (8B)
Tame Impala Nothing That Has Happened So Far Has Been Anything We Could Control	Eb major (5B)
Tame Impala Sun's Coming Up	G minor (6A)
Radikal Guru Earthwalker	G major (9B)
Radikal Guru Wicked Dub	E minor (9A)
Peter Tosh (You Gotta Walk) Don't Look Back	G major (9B)
Peter Tosh Pick Myself Up	D major (10B)
Peter Tosh I'm The Toughest	A major (11B)
Peter Tosh Soon Come	A minor (8A)
Peter Tosh Moses - The Prophet	A major (11B)
Peter Tosh Bush Doctor	E minor (9A)
Peter Tosh Stand Firm	A major (11B)
Peter Tosh Dem Ha Fe Get A Beatin	A major (11B)
Peter Tosh Creation	C major (8B)
Prince Jammy Shoalin Temple	B major (1B)
Prince Jammy Kamikazi	B major (1B)
Pablo Moses A Step Before Hell	F# minor (11A)
Pablo Moses Last Straw	D minor (7A)
Pablo Moses I See It Everyday	F# major (2B)
Pablo Moses Sister	E major (12B)
MGMT Time To Pretend	D major (10B)
MGMT Weekend Wars	F major (7B)
MGMT The Youth	F major (7B)
MGMT Electric Feel	C# major (3B)
MGMT Kids	A major (11B)
MGMT 4th Dimensional Transition	A major (11B)
MGMT Pieces Of What	E minor (9A)
MGMT Of Moons, Birds & Monsters	C# minor (12A)
MGMT The Handshake	B minor (10A)
MGMT Future Reflections	F major (7B)
Moby Honey	Ab major (4B)
Moby Natural Blues	D# minor (2A)
Moby Machete	F# minor (11A)
Moby If Things Were Perfect	F major (7B)
Moby Everloving	E minor (9A)
Moby Inside	D major (10B)
Moby My Weakness	E major (12B)
Tippa Irie Wicked & Wild (Dancehall Style)	B minor (10A)
Million Stylez Police In Helicopter (Frisk Mix)	C minor (5A)
YT, Million Stylez, Tenor Fly, Blackout Ja & Mr Williamz Dubplate (Benny Page Remix)	C major (8B)
YT, Million Stylez, Tenor Fly, Blackout Ja & Mr Williamz Dubplate (Benny Page Dub)	G# minor (1A)
Turntable Dubbers I Say Yeah	C# major (3B)
Viniselecta & U Stone Computer Dub	B minor (10A)
Viniselecta & U Stone Stone In My Heart	Bb major (6B)
Dj Panik & M-Rode 18 & Over	C# major (3B)
Dj Panik & M-Rode Shine Eyes Girl	C# major (3B)
Viniselecta and U Stone Feat. Jah Call Bless I	Ab major (4B)
Viniselecta and U Stone Feat. Jah Call Bless I (Dub Mix)	A# minor (3A)
Anetha Dishinibition	D major (10B)
Anetha Return Ticket	B minor (10A)
Cadency In Your Mind	C major (8B)
Cadency Unbroken	A# minor (3A)
Spoonbill Open Misère	F minor (4A)
Spoonbill Gullydupling	C minor (5A)
Spoonbill, Eastward Skyview	G major (9B)
Spoonbill Menagerie	C major (8B)
Spoonbill Coolabah	F minor (4A)
Visionary Run For Your Life	F# minor (11A)
Visionary Dead Man Walking	C# minor (12A)
Visionary Whip Them Soundboy	A# minor (3A)
Isaac Maya Another Meditation	G# minor (1A)
Fuzzy Logic Double Barrel	E major (12B)
Don Fe / Mahom Nay El Mektoub	G major (9B)
Ott A Load Up At Nunney Catch	E major (12B)
Ott Scilly Automatic	B minor (10A)
Ott Jack's Cheese And Bread Snack	C major (8B)
Ott Somersettler	A# minor (3A)
Ott Splitting An Atom	A minor (8A)
Ott Escape From Tulse Hell	E minor (9A)
Ott Cley Hill	C# minor (12A)
Ott Billy The Kid Strikes Back	F major (7B)
Ott From Trunch To Stromness	Bb major (6B)
Ott The Queen Of All Everything	B minor (10A)
Ott Rogue Bagel	Ab major (4B)
Ott Daisies And Rubies	A minor (8A)
Ott Signals From Bob	C# major (3B)
Ott 382 Seaside	D major (10B)
Ott Roflcopter	G# minor (1A)
Ott A Shower Of Sparks	E minor (9A)
Ott A Gentle Place By Birth Is You	E major (12B)
Ott Coursing Batch	A minor (8A)
Ott Harwell Dekatron	G major (9B)
Ott Unit Delta Plus	C major (8B)
Ott Hello, My Name Is...	G major (9B)
Ott The Bicycle Of The Sky	E minor (9A)
Ott Ship Is Not A Child	G major (9B)
Gorillaz El Mañana	A minor (8A)
Gorillaz Every Planet We Reach Is Dead	E minor (9A)
Gorillaz November Has Come	G major (9B)
Gorillaz Re-Hash	G major (9B)
Gorillaz 5/4	C major (8B)
Gorillaz Tomorrow Comes Today	F# major (2B)
Gorillaz New Genious (Brother)	G major (9B)
Gorillaz Clint Eastwood	A# minor (3A)
Gorillaz Man Research (Clapper)	G# minor (1A)
Gorillaz Punk	Ab major (4B)
Gorillaz Sound Check (Gravity)	G major (9B)
Boombastic Crew Gorgon Dub	D major (10B)
Mindfield Let's Get Stoned And Watch The Freaks	C major (8B)
Pink Floyd Cluster One	C major (8B)
Pink Floyd What Do You Want From Me	E major (12B)
Pink Floyd Take It Back	G major (9B)
Pink Floyd Coming Back To Life	C major (8B)
Pink Floyd Keep Talking	E minor (9A)
Pink Floyd Lost For Words	C major (8B)
Pink Floyd High Hopes	C minor (5A)
Pink Floyd One Of These Days	E major (12B)
Pink Floyd A Pillow Of Winds	A major (11B)
Pink Floyd Fearless	G major (9B)
Pink Floyd Echoes	F# minor (11A)
Pink Floyd Pigs On The Wing (Part Two)	G major (9B)
Cream Strange Brew	D major (10B)
Cream Sunshine Of Your Love	D major (10B)
Cream Dance The Night Away	A minor (8A)
Cream Blue Condition	C major (8B)
Cream Tales Of Brave Ulysses	C minor (5A)
Cream Swlabr	E minor (9A)
Cream We're Going Wrong	B minor (10A)
Cream Outside Woman Blues	A major (11B)
Elysium Monzoon (Edit)	E major (12B)
Endora Joy	C# major (3B)
Nervasystem Donovan's Brain	G major (9B)
Nüw Idol CS Gas	C major (8B)
Syb Unity Nettwerk Life Support System (Mindscape Mix)	A# minor (3A)
X Dream Our Own Happiness	Bb major (6B)
Bad Joke Flashback	C# minor (12A)
Freestylers & StereoType Featuring Takura The Coming Storm (Ed Solo Remix)	F# minor (11A)
Protoje Feat Chronixx Who Knows (Turntable Dubbers Remix)	F minor (4A)
Isaac Maya Feat. Biga Ranx King Of Jungle	A major (11B)
MCD Feat. Ragga Twins & Myesha Alright (Benny Page Remix)	G# minor (1A)
Le Peuple De L'Herbe, UK Apachi, Aphrodite No Escape	A minor (8A)
Tomawok, Kursiva Party Time	C# major (3B)
Isaac Maya, Ranking Diximal Bad Inna Dance	D major (10B)
Pitch Madattak Stamp Your Feet	C# major (3B)
Maotai & Monkey Selektah Bun It	B minor (10A)
MikkiM & MC Turner Body & Soul (Maotai & Monkey Selektah Remix)	G major (9B)
Pixel Fussin' & Fightin'	C minor (5A)
Mystic Pulse Don't Fool Rasta	A minor (8A)
Gunmen The Sound	D major (10B)
Gunmen Messed Up	B minor (10A)
Pixel Jungle On Broadway	E major (12B)
Pixel Steppin' (Rollers RMX)	G major (9B)
Pixel Ice Cream Sound	C major (8B)
Pixel World A Jungle Music	D major (10B)
Mystic Pulse Burn Them	C# minor (12A)
Mystic Pulse Strictly Rubadub	B major (1B)
Scott Allen & Deeper Connection River Jordan	G# minor (1A)
Scott Allen & Deeper Connection We Nah Run	Ab major (4B)
Pixel Boom Bey Bey	G major (9B)
Pixel Hank Marvin	B minor (10A)
Pixel Get Mash Up	G major (9B)
Pixel Armed & Dangerous	C# major (3B)
Unknown Artist Rastafari Army	B minor (10A)
Unknown Artist Rich Man Dub	G# minor (1A)
Lou Reed Vicious	D major (10B)
Lou Reed Andy's Chest	C major (8B)
Lou Reed Perfect Day	Bb major (6B)
Lou Reed Hangin' Around	G major (9B)
Lou Reed Walk On The Wild Side	C major (8B)
Lou Reed Make Up	Bb major (6B)
Lou Reed Satellite Of Love	F major (7B)
Lou Reed I'm So Free	F major (7B)
Lou Reed Goodnight Ladies	Bb major (6B)
Wu-Tang Clan Bring Da Ruckus	B major (1B)
Wu-Tang Clan Shame On A Nigga	C# major (3B)
Wu-Tang Clan Clan In Da Front	F# major (2B)
Wu-Tang Clan Wu-Tang: 7th Chamber	F# major (2B)
Wu-Tang Clan Can It Be All So Simple	A minor (8A)
Wu-Tang Clan Protect Ya Neck (Intermission)	G# minor (1A)
Wu-Tang Clan Da Mystery Of Chessboxin'	D major (10B)
Wu-Tang Clan Wu-Tang Clan Ain't Nuthing Ta F' Wit	C# major (3B)
Wu-Tang Clan C.R.E.A.M.	B minor (10A)
Wu-Tang Clan Method Man	B minor (10A)
Wu-Tang Clan Tearz	G# minor (1A)
Wu-Tang Clan Wu-Tang: 7th Chamber - Part II	F# major (2B)
Skoobz Sound Clash (Mix 1)	C# major (3B)
Sensi T & Mr Zebre Travelling On The Riddim	C# minor (12A)
Sensi T & Mr Zebre Travelling  Dub	C# minor (12A)
Barrington Levy & RCola Lost And Found	G major (9B)
RCola Warn Ya	A major (11B)
Top Cat Bunn The Sensi (Serial Killaz Remix)	C# major (3B)
Run Tingz Cru Feat. Blackout J.A. & K*Ners Run Tingz Cru (Original)	A# minor (3A)
Jah Marnyah Tralalalala	B minor (10A)
Sis I-Leen Peaceful Warriors	C major (8B)
Nãnci Correia Woman Is Divine	C# minor (12A)
Vibronics History Dub	C# minor (12A)
Vibronics History Dub (Version)	C# minor (12A)
Vibronics Feat. Professa Natti R.A.S.T.A.F.A.R.I.	C# major (3B)
Vibronics Feat. Professa Natti R.A.S.T.A.F.A.R.I. Version	C# major (3B)
Vibronics Feat. Michael Prophet Searching For Jah	D# minor (2A)
Vibronics Searching For Jah (Version)	Eb major (5B)
Mungo's HiFi Around The Redub	F# major (2B)
The War On Drugs Under The Pressure	F# major (2B)
The War On Drugs Red Eyes	Bb major (6B)
The War On Drugs Suffering	C major (8B)
The War On Drugs An Ocean In Between The Waves	F major (7B)
Whitney Crying, Laughing, Loving, Lying	G major (9B)
Whitney Rain	E minor (9A)
Whitney Rainbows & Ridges	Eb major (5B)
Serial Killaz In Your Eyes	C# major (3B)
Serial Killaz Lovely Woman	C# major (3B)
Rub-A-Dub Soldiers No Gun	F# major (2B)
Mr. Quest E.Legal Gunshot	C# major (3B)
DJ Dhanu Foxy 2 Tails	G minor (6A)
Mr Quest & Flyin Doc Jerilipy Lipy	E major (12B)
TC IZ & Ed Solo One Time	E minor (9A)
Mr Quest Respect	F minor (4A)
TC IZ & Ed Solo Shut Em Down	A# minor (3A)
Mr Quest ft. Lady MC The Message	F major (7B)
U.K Apachi & Shy FX Original Nuttah (Bass Mix)	C# major (3B)
U.K Apachi & Shy FX Original Nuttah (The Bollywood Mix)	C# major (3B)
U.K Apachi & Shy FX Nuttah V.I.P. (The Shy FX V.I.P. Bambaata Mix)	C major (8B)
U.K Apachi & Shy FX Nuttah V.I.P. (T-Power Hyperfunk Mix)	C major (8B)
Camo & Khan Mr. Mista	C# minor (12A)
St.Cal Red Light	E minor (9A)
St.Cal Little Man	C# major (3B)
Nuts One Angel Dust	D major (10B)
Nuts One Astral Journey	E minor (9A)
Nuts One Disgrace	C# minor (12A)
Marina P, Stand High Patrol Fragile	C major (8B)
Marina P, Stand High Patrol Spring Rain	C major (8B)
Marina P, Stand High Patrol Dreamcatcher	C# minor (12A)
Marina P, Stand High Patrol Raw Lines	Eb major (5B)
Marina P, Stand High Patrol Summer On Mars	C# minor (12A)
Marina P, Stand High Patrol Rosetta	D minor (7A)
Stand High Patrol Brest Bay	A# minor (3A)
Stand High Patrol Boat People	D major (10B)
Stand High Patrol Home Made	B minor (10A)
Stand High Patrol Entertainer	F minor (4A)
Stand High Patrol The Big Tree	D major (10B)
Stand High Patrol Dub It	A minor (8A)
Stand High Patrol Holiday Today	D# minor (2A)
Stand High Patrol Automatic Attack	F# minor (11A)
M-K Ultra Nebadon	C major (8B)
M-K Ultra Polarizion	A# minor (3A)
M-K Ultra Neurocosmik	G# minor (1A)
Stalefish Too Greedy (Rmx)	B minor (10A)
Stalefish Murder Style	B major (1B)
Metod MC Electricité (Stalefish Remix)	F minor (4A)
Metod MC Télé Réalité	C major (8B)
Stalefish Ride On (Remix)	B minor (10A)
2D Break The Alarm	A minor (8A)
FX909 Kung Fu Man Dub	C# major (3B)
Alpha & Omega Poormans Dub	G major (9B)
Alpha & Omega Dub Like A Warrior	G major (9B)
Alpha & Omega Tough Dub	E minor (9A)
Alpha & Omega Dub Creation	B minor (10A)
Alpha & Omega Love Dub	A# minor (3A)
Pupajim, Alpha Steppa Dear Friend (feat. Pupajim)	C minor (5A)
Dub Dynasty Ithiopia Dub	F minor (4A)
Dub Dynasty Thundering Mantis Part II	C minor (5A)
Dub Dynasty Black Rose Dub	B minor (10A)
Dub Dynasty Ever Powering Dub	B major (1B)
Dub Dynasty We Got Dub	A major (11B)
Dub Dynasty Evil Fi Bun	E minor (9A)
Dub Dynasty Welcome The Lion On Your Path	A minor (8A)
Jahyu Relief For The Poor	E minor (9A)
Jahyu Tree Of Life	B minor (10A)
Jahyu Lion Paw	D major (10B)
Jahyu Outlaw Basterds	D major (10B)
Jahyu Tal Joom	E minor (9A)
Winston Watson, Dellenger Dispensation	Bb major (6B)
Lord Creator Such Is Life	F minor (4A)
Junior Murvin Roots Train	G major (9B)
Dubkasm Victory! (Verse III)	E minor (9A)
Dubkasm Victory! (Verse IV) (Raw Piece)	D major (10B)
Filteria Filtertraces (Astral Projection Remix)	A# minor (3A)
Astral Projection Let There Be Light (Filteria Remix)	C# major (3B)
Astral Projection Enlightened Evolution (Morphic Resonance Remix)	C# major (3B)
Astral Projection Another World (2017 Remix)	A major (11B)
Xenomorph Dying Sun	B minor (10A)
Battle Of The Future Buddhas Shinechaser	G major (9B)
Shakta Expedition To Earth	F# major (2B)
Astral Projection Dominion	F major (7B)
MFG Global Light (Retro Version)	A minor (8A)
RA Eikon	D minor (7A)
Khetzal Listening Winds	G minor (6A)
Astral Projection Aurora Borealis	B minor (10A)
Phreaky Paranormal Activity	C major (8B)
Sandman Tripulogic	D major (10B)
Sandman G-Force	A major (11B)
MFG Shape The Future	E minor (9A)
Inscape Atlantis	G# minor (1A)
Alien Project Who Has The Marijuana?	G major (9B)
Alien Project I Remember The First Time	B minor (10A)
Alien Project One Good (Remix)	G major (9B)
Alien Project Fantasy	G major (9B)
Alien Project Nitro Punch	C major (8B)
Alien Project Rapiginio	B major (1B)
Cyberbabas Vine Of Souls (Australia)	G major (9B)
Hujaboy Voyages Into The Supernatural (Africa)	E minor (9A)
GMS Flesh Of The Gods (India)	D major (10B)
Bullet Proof The Serpent (Europe)	Bb major (6B)
Tommy Guerrero Highway Hustle	D minor (7A)
Tommy Guerrero A Distant Closeness	D major (10B)
Tommy Guerrero Postcard Home	B minor (10A)
Tommy Guerrero Heat In The Streets	F major (7B)
Tommy Guerrero Sidewalk Soul	F minor (4A)
Tommy Guerrero Slow Roll	A minor (8A)
Tommy Guerrero The Endless Road	E minor (9A)
The Shake Spears Main Theme From The Saint	Eb major (5B)
Astral Projection Ionised	A minor (8A)
Slide Alien Hitmen	D major (10B)
Slide The Search	C# major (3B)
Astral Projection Soundform	C# minor (12A)
Astral Projection No-One Ever Dreams	A# minor (3A)
Astral Projection Featuring D.J. Jorg Cosmic Ascension	D minor (7A)
Astral Projection Life On Mars	F# major (2B)
Astral Projection Liquid Sun	E major (12B)
Astral Projection Ambient Galaxy (Disco Valley Mix)	G major (9B)
Bob Marley & The Wailers Positive Vibration	B minor (10A)
Bob Marley & The Wailers Roots, Rock, Reggae	B minor (10A)
Bob Marley & The Wailers Johnny Was	F# minor (11A)
Bob Marley & The Wailers Cry To Me	G major (9B)
Bob Marley & The Wailers Who The Cap Fit	G minor (6A)
Bob Marley & The Wailers Night Shift	C major (8B)
Bob Marley & The Wailers War	A# minor (3A)
Bob Marley & The Wailers She's Gone	F# minor (11A)
Bob Marley & The Wailers Misty Morning	B minor (10A)
Bob Marley & The Wailers Crisis	F# minor (11A)
Shpongle Schmaltz Herring	E minor (9A)
Shpongle Nothing Lasts...	B minor (10A)
Shpongle Herr Gringleflapper's Secret Stash Box	D major (10B)
Shpongle Strange Planet...	D major (10B)
Shpongle I Woke Up As A Shlummutz	C major (8B)
Shpongle A Series Of Heads	F# minor (11A)
Shpongle Celestial Intoxication	A minor (8A)
Parov Stelar Keep On Dancing	B minor (10A)
Parov Stelar Josephine	C# major (3B)
Parov Stelar Heavens Radio	E minor (9A)
Parov Stelar She Ain't Got No Money	B minor (10A)
Parov Stelar All Night	G minor (6A)
Parov Stelar Catgroove	D major (10B)
Parov Stelar The Phantom (1930 Version)	F major (7B)
Parov Stelar Libella Swing	A major (11B)
Parov Stelar The Mojo Radio Gang (Radio Version)	Ab major (4B)
Parov Stelar Love Remix	E minor (9A)
Parov Stelar Faith	G# minor (1A)
Mickey Finn And Aphrodite Bad Ass !	C# major (3B)
Mickey Finn And Aphrodite Drop Top Caddy	A major (11B)
Dire Straits Telegraph Road	D minor (7A)
Dire Straits It Never Rains	D major (10B)
Dire Straits One World	B minor (10A)
Dire Straits Brothers In Arms	G# minor (1A)
Kit Desolate	F# major (2B)
Kit Survive	F# minor (11A)
Kit Between Us	B minor (10A)
Kit Out Of Touch	D major (10B)
Gramatik Brave Men	E major (12B)
Gramatik Prime Time	B minor (10A)
Gramatik Get A Grip	F# major (2B)
Gramatik Just Jammin' NYC	G major (9B)
Gramatik Expect Us	B major (1B)
Gregory Isaacs Slave Market	A major (11B)
Queen Crazy Little Thing Called Love	C major (8B)
Queen Somebody To Love	Ab major (4B)
Eek-A-Mouse Ganja Smuggling	F minor (4A)
The Roots Radics Smuggling Dub	Bb major (6B)
Bob Marley Sun Is Shining	A# minor (3A)
Lee "Scratch" Perry & The Upsetters Soul Fire	C major (8B)
Toots & The Maytals 54-46 Was My Number	C major (8B)
Alpha Blondy Brigadier Sabari	A# minor (3A)
Nightmares On Wax Nights Introlude	G major (9B)
Nightmares On Wax Dreddoverboard	G major (9B)
Nightmares On Wax Bless My Soul	C# major (3B)
Nightmares On Wax Cruise (Don't Stop)	B minor (10A)
Nightmares On Wax Mission Venice	A minor (8A)
Nightmares On Wax Passion	C# major (3B)
Nightmares On Wax The Sweetest	G major (9B)
Boards Of Canada Wildlife Analysis	E minor (9A)
Boards Of Canada An Eagle In Your Mind	F# major (2B)
Boards Of Canada The Color Of The Fire	F# major (2B)
Boards Of Canada Telephasic Workshop	C# major (3B)
Boards Of Canada Triangles & Rhombuses	E minor (9A)
Boards Of Canada Sixtyten	F# major (2B)
Boards Of Canada Turquoise Hexagon Sun	F# major (2B)
Boards Of Canada Kaini Industries	F# major (2B)
Boards Of Canada Bocuma	D minor (7A)
Boards Of Canada Roygbiv	E minor (9A)
Boards Of Canada Rue The Whirl	C# major (3B)
Boards Of Canada Aquarius	F# major (2B)
Boards Of Canada Olson	F minor (4A)
Ariane Objectif Mercury (Ignition Mix)	A# minor (3A)
L'Entourloop Boomblast	F major (7B)
L'Entourloop Push The Limits	F# minor (11A)
L'Entourloop Le Rendez-Vous	A# minor (3A)
L'Entourloop Forgotten Skank	G major (9B)
L'Entourloop Mississippi Slang	G# minor (1A)
L'Entourloop Soundbwoy	D major (10B)
L'Entourloop L'Amour Propre	Bb major (6B)
L'Entourloop Le Tour De Force	D major (10B)
L'Entourloop Sounds To Wake The Kids Up	F# minor (11A)
L'Entourloop One & Only	D major (10B)
The Architect Les Pensées	A# minor (3A)
Soundclash Bang Bang (Original Mix)	E minor (9A)
Krumble Ghost Town	C# major (3B)
Krumble Angel City	A minor (8A)
Candy Burning Marijuana	C# major (3B)
Candy Lonely	F# minor (11A)
Candy Truth & Right	C# minor (12A)
Candy Come On Home	Ab major (4B)
Augustus Pablo Dub Organizer	A minor (8A)
Augustus Pablo Please Sunrise	A# minor (3A)
Augustus Pablo Point Blank	A# minor (3A)
Augustus Pablo Arabian Rock	C minor (5A)
Augustus Pablo Pretty Baby	Bb major (6B)
Augustus Pablo Marabi (Bonus Track)	E major (12B)
Augustus Pablo Java (Bonus Track)	F# major (2B)
Augustus Pablo Skateland Rock	F minor (4A)
Augustus Pablo Dread Eye	E major (12B)
Augustus Pablo Too Late	C# minor (12A)
Gregory Isaacs Sacrifice	B minor (10A)
Gregory Isaacs Storm	A major (11B)
Gregory Isaacs Storybook Children	D major (10B)
Gregory Isaacs Hand Cuff	C major (8B)
Steely Dan Home At Last	G minor (6A)
Steely Dan I Got The News	A minor (8A)
Steely Dan Josie	E minor (9A)
Tenastelin & King Alpha Rasta Mission	A minor (8A)
Alpha & Omega The Vibration	F major (7B)
Aphrodite Def Jammer	D major (10B)
Aphrodite Stalker	B major (1B)
U-Roy Repatriation	E minor (9A)
U-Roy Teacher Morris	G major (9B)
U-Roy 3 Minutes Of Talk	A minor (8A)
U-Roy Bitter Nut	Ab major (4B)
U-Roy Mother Of Civilisation	A major (11B)
U-Roy Jamaica	D major (10B)
U-Roy Black Man	C major (8B)
U-Roy Dog And The Bone	C major (8B)
U-Roy Brimstone & Fire	E minor (9A)
Tim Tama Something True	A major (11B)
Tim Tama Wave Of Nostalgia	C# minor (12A)
Tim Tama Designed 4da Mind	D major (10B)
Tim Tama Lavender	C# major (3B)
Vinyl Junkie & Sanxion Featuring Bushman Talk Too Much	G major (9B)
Vinyl Junkie & Sanxion Featuring Bushman Talk Too Much (Dj Westy Remix)	A# minor (3A)
Vinyl Junkie & Sanxion Featuring Bushman Talk Too Much (140 Mix)	G major (9B)
The War On Drugs Knocked Down	C major (8B)
The War On Drugs Nothing To Find	C major (8B)
The War On Drugs Thinking Of A Place	B major (1B)
The War On Drugs You Don't Have To Go	E major (12B)
Manu Chao Lagrimas De Oro	A major (11B)
Manu Chao Mama Call	F# minor (11A)
Manu Chao Luna Y Sol	A minor (8A)
Manu Chao Por El Suelo	A# minor (3A)
Manu Chao Welcome To Tijuana	D minor (7A)
Manu Chao Dia Luna... Dia Pena	E minor (9A)
Bluetech Rubicon	E minor (9A)
Bluetech Prayers For Rain (Dub Mix)	A minor (8A)
Bluetech White Magnesia	G minor (6A)
Bluetech 7th Phase Dub	G minor (6A)
Bluetech Gethen	A major (11B)
Bluetech Caladan	A minor (8A)
Bluetech Submerge	F# major (2B)
Bluetech Underwater Cities	G major (9B)
Bluetech Emerald Prisms	Ab major (4B)
Bluetech Lights From Mariana (Pleasure Corporation Remix)	D major (10B)
The Zombies A Rose For Emily	D major (10B)
The Zombies Maybe After He's Gone	D major (10B)
The Zombies Beechwood Park	Eb major (5B)
The Zombies Brief Candles	F# minor (11A)
The Zombies Time Of The Season	E minor (9A)
Mac DeMarco Salad Days	G# minor (1A)
Mac DeMarco Blue Boy	G# minor (1A)
Mac DeMarco Brother	E major (12B)
Mac DeMarco Let Her Go	G# minor (1A)
Mac DeMarco Goodbye Weekend	F minor (4A)
Mac DeMarco Let My Baby Stay	E major (12B)
Mac DeMarco Passing Out Pieces	F major (7B)
Mac DeMarco Treat Her Better	F# minor (11A)
Mac DeMarco Chamber Of Reflection	A minor (8A)
Mac DeMarco Go Easy	A minor (8A)
Mac DeMarco Jonny's Odyssey	G# minor (1A)
Mac DeMarco Mac's Outro	C# minor (12A)
Sonic Boom Things Like This (A Little Bit Deeper)	D minor (7A)
Sonic Boom Spinning Coins And Wishing On Clovers	A minor (8A)
Sonic Boom My Echo, My Shadow And Me	D major (10B)
Sonic Boom On A Summer's Day	Eb major (5B)
Sonic Boom The Way That You Live	F# major (2B)
Sonic Boom Tawkin Tekno	D major (10B)
Sonic Boom I Can See Light Bend	F major (7B)
Sonic Boom I Feel A Change Coming On	F major (7B)
Simon & Garfunkel The Sounds Of Silence	F# major (2B)
Simon & Garfunkel Leaves That Are Green	E major (12B)
Simon & Garfunkel Blessed	G major (9B)
Simon & Garfunkel Kathy's Song	F# major (2B)
Simon & Garfunkel Somewhere They Can't Find Me	B minor (10A)
Simon & Garfunkel Anji	B minor (10A)
Simon & Garfunkel Homeward Bound	Eb major (5B)
Simon & Garfunkel Richard Cory	B major (1B)
Simon & Garfunkel Most Peculiar Man	C# major (3B)
Simon & Garfunkel April Come She Will	A major (11B)
Chinese Man I've Got That Tune	E minor (9A)
Chopstick Dubplate Gundelero	A# minor (3A)
Chopstick Dubplate Chop Gundelero Riddim	A# minor (3A)
Bob Dylan Positively 4th Street	F# major (2B)
Bob Dylan Rainy Day Woman # 12 & 35	F major (7B)
Bob Dylan All Along The Watchtower	C# minor (12A)
Bob Dylan If Not For You	A major (11B)
Bob Dylan Hurricane (Part 1)	C major (8B)
Bob Dylan Knockin' On Heaven's Door	G major (9B)
Bob Dylan Make You Feel My Love	C# major (3B)
Blackstar Champion DJ (2005 Ebony Dubsters Remix)	E major (12B)
Blackstar Champion DJ (3rd Eye Mix)	E major (12B)
Visionary Featuring King Thousand Miles	G major (9B)
Vendetta & Barber & Bad Kid Fit	C# minor (12A)
Vendetta & Barber & Bad Kid I'm The Devil	C# minor (12A)
The James Taylor Quartet Believe	Ab major (4B)
The James Taylor Quartet Leads Me Back To You	C major (8B)
The James Taylor Quartet Decoding The Pyramids	C# major (3B)
The James Taylor Quartet Send Me	A major (11B)
Nirvana Smells Like Teen Spirit	C# major (3B)
Nirvana In Bloom	A# minor (3A)
Nirvana Lithium	G major (9B)
Nirvana Polly	D minor (7A)
Nirvana Lounge Act	B minor (10A)
Nirvana Stay Away	B minor (10A)
Nirvana On A Plain	D major (10B)
Benny Page Turn Down The Lights	A minor (8A)
Visionary Gimme Your Love	A# minor (3A)
Visionary Jungle Rock	C# major (3B)
Soundclash Raggamuffin	G major (9B)
Soundclash Crying Out	D major (10B)
Gaudi With Prince Fatty Theremin Dub Mafia	C# minor (12A)
Gaudi With Mad Professor Kumo Dub	C# minor (12A)
Gaudi With Adrian Sherwood Dub Out Of Theremin	F major (7B)
Gaudi With Dennis Bovell Secret Service Dub	B minor (10A)
Gaudi With Mad Professor Future Sound Of Theremin	G major (9B)
Gaudi With Adrian Sherwood Butterfly Dub	B major (1B)
Gaudi With Dennis Bovell Heying Dub	A# minor (3A)
Dijeyow Pumpking	C major (8B)
Isaac Maya feat. Wayne Smith Sleng Teng	D major (10B)
The Doors Been Down So Long	E major (12B)
The Doors Cars Hiss By My Window	E major (12B)
The Doors L.A. Woman	D major (10B)
The Doors L'America	F# major (2B)
The Doors Hyacinth House	G major (9B)
The Doors Crawling King Snake	A major (11B)
The Doors The WASP (Texas Radio And The Big Beat)	A major (11B)
The Doors Riders On The Storm	B minor (10A)
The Doors Soul Kitchen	A major (11B)
The Doors The Crystal Ship	Bb major (6B)
The Doors Twentieth Century Fox	A major (11B)
The Doors Alabama Song (Whisky Bar)	F major (7B)
The Doors Light My Fire	D# minor (2A)
The Doors Back Door Man	A major (11B)
The Doors I Looked At You	C major (8B)
The Doors End Of The Night	B minor (10A)
The Doors Take It As It Comes	E minor (9A)
The Doors The End	C major (8B)
The Jimi Hendrix Experience Purple Haze	D major (10B)
The Jimi Hendrix Experience Fire	A major (11B)
The Jimi Hendrix Experience The Wind Cries Mary	F major (7B)
The Jimi Hendrix Experience Can You See Me	F# minor (11A)
Tame Impala Eventually	A minor (8A)
Tame Impala Gossip	B minor (10A)
The Sneaker Scatterbomb (String Mix)	C major (8B)
The Sneaker Scatterbomb (Trance Mix)	C major (8B)
Manmademan CircleMakers	Ab major (4B)
The Congos Ark Of Covenant	E minor (9A)
The Congos Solid Foundation	C major (8B)
UB40 Tyler	A minor (8A)
UB40 King	Ab major (4B)
UB40 12 Bar	C major (8B)
Jacob Miller Keep On Knocking	D major (10B)
Jacob Miller Knocking Version	B minor (10A)
Jacob Miller False Rasta	A# minor (3A)
Jacob Miller Hungry Town Scanc	F minor (4A)
Jacob Miller Baby I Love You So	G# minor (1A)
Jacob Miller King Tubby Meets Rockers Uptown	G major (9B)
Jacob Miller Who Say Jah No Dread	B minor (10A)
Gunmen Chant Down Babylon	E minor (9A)
Gunmen Steppin Razor	G major (9B)
Gunmen Another Hit Song	G major (9B)
Gunmen Girls	C# major (3B)
Pink Floyd In The Flesh?	A major (11B)
Pink Floyd Another Brick In The Wall Part 1	C major (8B)
Pink Floyd The Happiest Days Of Our Lives	A minor (8A)
Pink Floyd Another Brick In The Wall Part 2	C major (8B)
Pink Floyd Mother	G major (9B)
Pink Floyd Goodbye Blue Sky	G major (9B)
Pink Floyd Empty Spaces	B major (1B)
Pink Floyd Young Lust	B minor (10A)
Pink Floyd One Of My Turns	C major (8B)
Pink Floyd Don't Leave Me Now	A minor (8A)
Pink Floyd Another Brick In The Wall Part 3	C major (8B)
Pink Floyd Goodbye Cruel World	D major (10B)
Pink Floyd Hey You	C major (8B)
Pink Floyd Is There Anybody Out There?	A minor (8A)
Pink Floyd Nobody Home	C major (8B)
Pink Floyd Vera	E minor (9A)
Pink Floyd Bring The Boys Back Home	C major (8B)
Pink Floyd Comfortably Numb	B minor (10A)
Pink Floyd The Show Must Go On	G major (9B)
Pink Floyd In The Flesh	A major (11B)
Pink Floyd Run Like Hell	A major (11B)
Bonecrusher vs. Sizzla Solid As A Rock (Breaks Mix)	A minor (8A)
Bonecrusher vs. Sizzla Solid As A Rock (DnB Mix)	A minor (8A)
John Rowe Up A Height	B major (1B)
Manarchy Dirt Bomb	B minor (10A)
Suibom Serum Feat. Kranium Filtron AMP VAR	C# major (3B)
Odic Force Moonlight Acid	E minor (9A)
Yann Tiersen Introductory Movement	C major (8B)
Yann Tiersen The Mute Girl	G major (9B)
Yann Tiersen Naomi	G major (9B)
Yann Tiersen Evening Party	E minor (9A)
Yann Tiersen The Old Man Still Wants It	E major (12B)
Yann Tiersen Still Here	E minor (9A)
Yann Tiersen It Was There...	B minor (10A)
Yann Tiersen Prayer No. 2	E minor (9A)
Yann Tiersen Summer Nursery Rhyme No. 1	E minor (9A)
Yann Tiersen The Empty Room	A minor (8A)
Yann Tiersen Everyday Life	D minor (7A)
Indica Dubs Meets Shiloh Ites A New Flower (Alternate Dubplate Mix)	C# minor (12A)
Indica Dubs Meets Shiloh Ites A New Flower (Dub Mix 3)	G# minor (1A)
Indica Dubs Meets Shiloh Ites A New Flower (Dub Mix 4)	G# minor (1A)
Wickaman & J.Majik Cassanova	Ab major (4B)
J.Majik & Wickaman C-Style	A# minor (3A)
Irie Ilodica Can't School Me (Melodica Cut)	G# minor (1A)
Irie Ilodica Can't School Me Dub	C# minor (12A)
Irie Ilodica Don't Judge Verse 1	E minor (9A)
Irie Ilodica Don't Judge Verse 3	B minor (10A)
Irie Ilodica Save The Tree Verse 1	A major (11B)
Irie Ilodica Save The Tree Verse 3	A major (11B)
Irie Ilodica Blazin Verse 1	Eb major (5B)
Irie Ilodica Blazin Verse 3	Eb major (5B)
Irie Ilodica Dreadwise Verse 1	C major (8B)
Jah Works Ft. Irie Ilodica Mystical Journey	B minor (10A)
Jah Works Ft. Irie Ilodica Journey In Dub	C# minor (12A)
Burning Spear Marcus Garvey	G minor (6A)
Burning Spear Red, Gold And Green	G major (9B)
Mumford & Sons Sigh No More	C major (8B)
Mumford & Sons The Cave	E major (12B)
Mumford & Sons Winter WInds	G major (9B)
Mumford & Sons Roll Away Your Stone	E major (12B)
Mumford & Sons White Blank Page	F# minor (11A)
Mumford & Sons I Gave You All	D minor (7A)
Mumford & Sons Little Lion Man	F major (7B)
Mumford & Sons Timshel	F major (7B)
Cornell Campbell Why Dub In Spring	F major (7B)
Tappa Zukie Dub Slave	F# minor (11A)
Deekline and Ed Solo Stickybuds Guaranteed	E major (12B)
Sara Lugo ft. Protoje Really Like You (Jamie Bostron Remix)	F major (7B)
Sizzla I'm Living (Ed Solo & Stickybuds Remix)	B major (1B)
Ed Solo And Deekline Bad Boys (Benny Page Remix)	D major (10B)
Deekline Featuring Tippa Irie Pass Me The Dubplate (Benny Page Remix)	A# minor (3A)
Deekline And Ed Solo Paella / Blaze It Up	F# minor (11A)
RackNRuin Soundclash (Deekline & Ed Solo Rmx)	F major (7B)
Cain.1 and Wakcutt Night Nurse	D major (10B)
Slynk Bad Duppy Walk	A# minor (3A)
Kraftwerk Airwaves	F minor (4A)
Kraftwerk Intermission	F minor (4A)
Kraftwerk News	C# major (3B)
Kraftwerk The Voice Of Energy	A# minor (3A)
Kraftwerk Antenna	D major (10B)
Kraftwerk Transistor	C# major (3B)
Kraftwerk Autobahn	D major (10B)
Kraftwerk Kometenmelodie 1	C major (8B)
Kraftwerk Kometenmelodie 2	C major (8B)
Skinshape Afande	F minor (4A)
Skinshape Sun	C major (8B)
Skinshape Sudan	G minor (6A)
Skinshape Dourlé	E minor (9A)
Skinshape Lehin Ti Aye Ba Iku	A major (11B)
Visionary I Know A Girl	C# major (3B)
Ghetto Fabulous Oh Natty	C# minor (12A)
Dub Street Skankin' Dub	G major (9B)
Vibronics Congo Natty	A minor (8A)
The Disciples Poor Man's Dub	G major (9B)
Alpha & Omega The Oracle	C# minor (12A)
Demolition Man & Krak In Dub Motion Dub	C major (8B)
Prānā Pneumatic	G major (9B)
Prānā Kiba	B major (1B)
Prānā Starchild	A minor (8A)
Rotatum Phaze Din	Eb major (5B)
Sky Distortion 2 Sin Gravity	A# minor (3A)
Tame Impala Be Above It	E minor (9A)
Tame Impala Endors Toi	Eb major (5B)
Tame Impala Apocalypse Dreams	Ab major (4B)
Tame Impala Mind Mischief	F# major (2B)
Tame Impala Music To Walk Home By	G major (9B)
Radikal Guru Stay Calm	D major (10B)
Radikal Guru Different Dub	C# major (3B)
Radikal Guru Know Yourself	C# major (3B)
Radikal Guru Spaced Out	D major (10B)
Radikal Guru Subconscious	G major (9B)
Radikal Guru Warning!	D major (10B)
Radikal Guru Outernational	D major (10B)
Radikal Guru Indra	Ab major (4B)
Prince Jammy Throne Of Blood	G minor (6A)
Prince Jammy Brothers Of The Blade	A major (11B)
Prince Jammy Downtown Shanghai Rock	C# minor (12A)
Prince Jammy Waterfront Gang War	B major (1B)
Pablo Moses Proverbs Extractions	C major (8B)
Pablo Moses It's A Trick	G major (9B)
Pablo Moses Pave The Way	Eb major (5B)
Pablo Moses Dig On	A minor (8A)
Pablo Moses Africa Is For Me	G major (9B)
Moby Find My Baby	G major (9B)
Moby Porcelain	C minor (5A)
Moby Why Does My Heart Feel So Bad?	G major (9B)
Moby South Side	E major (12B)
Moby Rushing	G major (9B)
Moby Bodyrock	F# minor (11A)
Moby 7	B minor (10A)
Spoonbill Nodding Greenhood	A minor (8A)
Spoonbill Thermal Ride	F minor (4A)
Fuzzy Logic Spice Invader	G minor (6A)
Makom.Rion / Mahom Long River	Bb major (6B)
Makom.Rion / Mahom Long River (Vibronics Remix)	G minor (6A)
Otmane Laamari / Mahom Mektoub	Ab major (4B)
Ott Spannered In Pilton	F# minor (11A)
Ott Smoked Glass And Chrome	Bb major (6B)
Ott One Day I Wish To Have This Kind Of Time	F major (7B)
Ott Adrift In Hilbert Space	D major (10B)
Ott Owl Stretching Time	F# minor (11A)
Ott Squirrel And Biscuits	G major (9B)
Ott A Nice Little Place	Bb major (6B)
Ott The Aubergine Of The Sun	C major (8B)
Gorillaz Dirty Harry	A# minor (3A)
Gorillaz Demon Days	D major (10B)
Gorillaz 19/2000 (Original Mix)	G major (9B)
Gorillaz Left Hand Suzuki Method	C# major (3B)
Gorillaz 19-2000 (The Wiseguys House Of Wisdom Remix)	F minor (4A)
Gorillaz Double Bass	Ab major (4B)
Gorillaz Rock The House (Rock Da House)	D major (10B)
Gorillaz 19-2000	G major (9B)
Gorillaz Latin Simone (Que Pasa Contigo)	F# major (2B)
Pink Floyd Welcome To The Machine	C major (8B)
Pink Floyd Have A Cigar	E minor (9A)
Pink Floyd Wish You Were Here	G major (9B)
Pink Floyd Pigs On The Wing (Part One)	G major (9B)
Cream World Of Pain	D major (10B)
Krafty Kuts & Featurecast Monkey Dance	F major (7B)
Kursiva Featuring Jahba & Clasiko High Vibes	A minor (8A)
Isaac Maya Featuring Blackout J.a. Baba Boom	C minor (5A)
La Phaze Jungleman	E minor (9A)
DJ Dee Kline Pass Me The Rizzla	C minor (5A)
Phibes Paper Planes	G minor (6A)
Kursiva Give It To Me	G major (9B)
Chopstick Dubplate, Mr Williamz, Dope Ammo Girls Dem Dada	G major (9B)
Dub Pistols, Turntable Dubbers Rock Steady	G major (9B)
Naâman, Cutty Ranks, Stevens Kbosh Rebel for life	Ab major (4B)
Rulo Smoka Jailhouse Rock Remix	A# minor (3A)
Dreadsquad Featuring Skarra Mucci, Mandinka Warrior & Alex Hudson Me Want	F minor (4A)
U.Stone, Vini Selecta, Fu-Steps Blaze Up Di Fire (Dj Panik Remix)	B major (1B)
Isaac Maya, Nfunk I Was Born In The Ghetto	Ab major (4B)
Tomawok, Benny Page My Sound	G major (9B)
Visionary Feat. Camp Souljah Ganja Fire	C# major (3B)
Aries Herbsmoke (Visionary Remix)	G major (9B)
Miltatek Raggatek Fayah Burn	G# minor (1A)
Sparks Inked Body	C# major (3B)
Paranoiak Cocaine Amplifier	C# minor (12A)
Ritchy VS Psylotribe Big Mouth	B major (1B)
Guigoo Bongotek	F major (7B)
Vandal The Youth Of Today	A# minor (3A)
Guigoo Sensitek	D major (10B)
Pitch Madattak Mary Jane	G major (9B)
SKRY Raggastorm	A minor (8A)
Pixel Legalize it!	C major (8B)
Mystic Pulse Herbalist	E minor (9A)
Gunmen Teach	E minor (9A)
Gunmen Warning	D major (10B)
Lou Reed New York Telephone Conversation	D major (10B)
Skoobz Sound Clash (Mix 2)	C# major (3B)
Aries Brother & Sister	C# major (3B)
Aries I Try	C# minor (12A)
DJ Panik Super Skank	G major (9B)
DJ Origin Warrior Chant	B major (1B)
NW2 Operation	A# minor (3A)
Aries Ala Bama	D major (10B)
YT Born Inna Babylon (Run Tingz Remix)	E minor (9A)
YT Born Inna Babylon (Chopstick Remix)	E minor (9A)
Run Tingz Cru Feat. Blackout J.A. & K*Ners Aries (Jungle Mix)	C# major (3B)
Run Tingz Cru Feat. Blackout J.A. & K*Ners DJ/Clash Toolz	B minor (10A)
UK Apache Vs MC Spyda Nuttah Story	F minor (4A)
UK Apache Vs MC Spyda Back In The Day	D major (10B)
Vibronics Tralalalala (Version)	F# major (2B)
Jah Marnyah Dirty Babylon	D major (10B)
Vibronics Dirty Babylon (Version)	B minor (10A)
Nia Songbird All Sisters Unite	G major (9B)
Nish Wadada Each One Teach One	A# minor (3A)
Boney L Rise Up	F major (7B)
Vanya O One Dub Nation	C# minor (12A)
Mungo's HiFi Divorce A L'Italienne	D# minor (2A)
Mungo's HiFi Don't Let Them Break Your Heart	C major (8B)
Mungo's HiFi Herbalist	B minor (10A)
Mungo's HiFi Herbalist Dub	B minor (10A)
Mungo's HiFi How You Bad So	E minor (9A)
Mungo's HiFi Under Arrest	C# major (3B)
Mungo's HiFi Old Time Dance	G major (9B)
Mungo's HiFi Old Time Dub	G major (9B)
Mungo's HiFi Ruff Mi Tuff	Ab major (4B)
Mungo's HiFi Rasta Meditation	C major (8B)
Mungo's HiFi Rooster Inna Coup	G minor (6A)
The War On Drugs Eyes To The Wind	D major (10B)
The War On Drugs The Haunting Idle	A minor (8A)
The War On Drugs Burning	A major (11B)
Whitney Strange Overtones	D major (10B)
Whitney Hammond Song	Eb major (5B)
DJ Friction Led Astray	G minor (6A)
DJ Friction Vs Camo & Krooked Ft Dynamite MC Stand Up (Sigma Rmx)	C# major (3B)
Calibre & High Contrast Mr. Majestic	E minor (9A)
Calibre & High Contrast The Other Side	E major (12B)
Stalefish Be Careful	F# minor (11A)
The Ragga Twins Jerlipy Lip (Juggling Mix)	G major (9B)
The Ragga Twins Every Sound	A major (11B)
Jah Scoop Feat. Jago and Natty Campbell The Techno Ragga	A minor (8A)
Jah Scoop Meets RDF Difference Of Time	C# major (3B)
Benji303 Horns Of Jericho	B minor (10A)
Benji303 That Day Must Come	C# major (3B)
Dancing Djedi Lion Youth	C# minor (12A)
Nuts One Light Tunnel	C major (8B)
Nuts One Metamorphosis	C# major (3B)
Nuts One Bad Dream	C# major (3B)
Nuts One The Crypt	B major (1B)
Nuts One Ghost Yard	D major (10B)
Nuts One Short-Circuit	C# major (3B)
Nuts One Capricorn	F# minor (11A)
Nuts One Strange Places	D major (10B)
Nuts One Cumulonimbus	A major (11B)
Nuts One Rusty Trombone	C# major (3B)
Nuts One Sinister Practices	C major (8B)
Nuts One Clockwork Wizards	D minor (7A)
Shiva Skank & Señor R Pa Tol Mundo	C# major (3B)
Shiva Skank & Señor R Pa Tol Mundo (Boombassbrothers Remix)	C# major (3B)
Marina P, Stand High Patrol Working Class	D# minor (2A)
Marina P, Stand High Patrol Atmosphere	C# major (3B)
Marina P, Stand High Patrol Landlord	Bb major (6B)
Stand High Patrol Commando	C# minor (12A)
M-K Ultra Freedom	D# minor (2A)
FX909 Woman Dub	F# minor (11A)
Lord Bitum & Metod MC Soundboy	Bb major (6B)
Alix Perez & Youthman Promise Land	G minor (6A)
2D Dub Riddim	F# major (2B)
Diamond Eye Warrior Dub	F# minor (11A)
Mooncat vs Capleton Small World	C# major (3B)
Kafra Riddim 1	A major (11B)
Alpha & Omega Poormans Style	C# major (3B)
Alpha & Omega Walk Like A Warrior	Eb major (5B)
Alpha & Omega Love Rastafari	F# minor (11A)
Pupajim, Alpha Steppa Dear Dub (feat. Pupajim)	C minor (5A)
King David Horns, Alpha Steppa Dear Friend (feat. King David Horns) [Trombone Mix]	C minor (5A)
Ras Divarius, Alpha Steppa Dear Friend (feat. Ras Divarius) [Violin Mix]	C minor (5A)
Dub Dynasty Blessed Ithiopia	F minor (4A)
Dub Dynasty River Jordan	B minor (10A)
Lee Perry Lion A De Winner	F# major (2B)
Missing Jack It Operator (Fracture's 'Jacket Operator' Remix)	E major (12B)
Missing Jack It Operator	C# major (3B)
Dubkasm Victory!	E minor (9A)
Dubkasm Victory! (Verse II)	E minor (9A)
Oforia Emotionally Charged Memories	D major (10B)
Khetzal Bells Of Sarnath	C major (8B)
Khetzal Djaningar	A minor (8A)
Khetzal Avasari	F# major (2B)
MFG Desert Sun	C major (8B)
Chakra Hallucinator	Bb major (6B)
Mad Tribe Planet Gone Mad	G# minor (1A)
Mad Tribe Rocket Power	C# major (3B)
Doof Let's Turn On	C# major (3B)
Doof Angelina	F minor (4A)
Alien Project Magic	C major (8B)
Alien Project Groovy	C# minor (12A)
Eat Static Ancient Teachers Of Mankind (England)	F minor (4A)
1200 Micrograms Dances Between Worlds (South America)	F major (7B)
KURO The Revolution	C major (8B)
KURO Into Space	A minor (8A)
Tommy Guerrero El Camino Negro	D major (10B)
Tommy Guerrero White Sands	B minor (10A)
Tommy Guerrero Los Padres	C# minor (12A)
Tommy Guerrero Where Water Once Was	A minor (8A)
The Shake Spears Summertime	G minor (6A)
The Shake Spears I'll Go Crazy	E major (12B)
The Shake Spears Give It To Me	G# minor (1A)
The Shake Spears Stop Playing That Song	F major (7B)
The Shake Spears Summertime Blues	G major (9B)
The Shake Spears Lucifer	E major (12B)
The Shake Spears The Shake Spears	G minor (6A)
The Shake Spears Do That Again	D minor (7A)
Z-Plane Hopium	C# major (3B)
Astral Projection Kabalah (New Age Mix)	Ab major (4B)
Nemesis Snake Dance	G major (9B)
Nemesis Two Worlds	C major (8B)
Hypnosys Joker	Ab major (4B)
Hypnosys Fantasian	C# major (3B)
Astral Projection Dancing Galaxy	G major (9B)
Astral Projection Flying Into A Star	A major (11B)
Desmond Dekker Israelites	Bb major (6B)
Desmond Dekker Licking Stick	C minor (5A)
Desmond Dekker Pickney Gal	C major (8B)
Desmond Dekker It Meek	Ab major (4B)
Desmond Dekker Life Of Opportunity	C major (8B)
Desmond Dekker I Believe	Ab major (4B)
Desmond Dekker Reggae Recipe	C# major (3B)
Desmond Dekker You Can Get It If You Really Want	C# major (3B)
Bob Marley & The Wailers Want More	B minor (10A)
Bob Marley & The Wailers Crazy Baldhead	F# minor (11A)
Bob Marley & The Wailers Rat Race	Bb major (6B)
Bob Marley & The Wailers Easy Skanking	Bb major (6B)
Bob Marley & The Wailers Kaya	B major (1B)
Bob Marley & The Wailers Is This Love	F# minor (11A)
Bob Marley & The Wailers Sun Is Shining	A# minor (3A)
Bob Marley & The Wailers Satisfy My Soul	G major (9B)
Bob Marley & The Wailers Running Away	Ab major (4B)
Bob Marley & The Wailers Time Will Tell	Ab major (4B)
Shpongle Botanical Dimensions	B minor (10A)
Shpongle Outer Shpongolia	E minor (9A)
Shpongle Levitation Nation	B minor (10A)
Shpongle Periscopes Of Consciousness	E major (12B)
Shpongle Shnitzled In The Negev	B minor (10A)
Shpongle ...But Nothing Is Lost	D major (10B)
Shpongle When Shall I Be Free?	F major (7B)
Shpongle The Stamen Of The Shamen	D major (10B)
Shpongle Circuits Of The Imagination	G major (9B)
Shpongle Linguistic Mystic	G major (9B)
Shpongle Mentalism	F minor (4A)
Shpongle Invocation	G minor (6A)
Shpongle Molecular Superstructure	C# major (3B)
Shpongle Turn Up The Silence	D major (10B)
Shpongle Exhalation	Eb major (5B)
Shpongle Connoisseur Of Hallucinations	B minor (10A)
Shpongle The Nebbish Route	B minor (10A)
Shpongle Falling Awake	E minor (9A)
Shpongle Remember The Future	E minor (9A)
Shpongle The Magumba State	G major (9B)
Shpongle Empty Branes	F major (7B)
Shpongle Are We There Yet?	F# major (2B)
Shpongle Hammock Therapy	G major (9B)
Shpongle Shpongle Falls	C# major (3B)
Shpongle Shpongle Spores	Ab major (4B)
Shpongle Vapour Rumours	A# minor (3A)
Shpongle Monster Hit	G major (9B)
Shpongle Behind Closed Eyelids	A major (11B)
Shpongle Divine Moments Of Truth	F# major (2B)
Shpongle ...And The Day Turned To Night	A# minor (3A)
Parov Stelar Matilda (Radio Edit)	E minor (9A)
Parov Stelar Shine	F# major (2B)
Parov Stelar Jimmy's Gang (Radio Edit)	A minor (8A)
Dire Straits Private Investigations	E minor (9A)
Dire Straits Industrial Disease	A major (11B)
Dire Straits Love Over Gold	F major (7B)
Dire Straits So Far Away	E major (12B)
Dire Straits Money For Nothing	D minor (7A)
Dire Straits Walk Of Life	E major (12B)
Dire Straits Your Latest Trick	E major (12B)
Dire Straits Why Worry	E major (12B)
Dire Straits Ride Across The River	E minor (9A)
Dire Straits The Man's Too Strong	G major (9B)
The Velvet Underground & Nico Sunday Morning	F minor (4A)
The Velvet Underground & Nico I'm Waiting For The Man	G major (9B)
The Velvet Underground & Nico Femme Fatale	C major (8B)
The Velvet Underground & Nico Venus In Furs	G# minor (1A)
The Velvet Underground & Nico Run Run Run	G major (9B)
The Velvet Underground & Nico All Tomorrow's Parties	D major (10B)
Gramatik You Don't Understand	A major (11B)
Gramatik Obviously	G major (9B)
Gramatik Control Room Before You	C# major (3B)
Gramatik Faraway	C# major (3B)
Gramatik No Turning Back	E minor (9A)
Gramatik It's Just A Ride	B minor (10A)
Gregory Isaacs Universal Tribulation	C minor (5A)
Gregory Isaacs John Public	B major (1B)
Gregory Isaacs Mr. Brown	A major (11B)
Gregory Isaacs Uncle Joe / Come Off Mi Toe	G major (9B)
Gregory Isaacs Raving Tonight	G major (9B)
Gregory Isaacs One More Time	G minor (6A)
Gregory Isaacs Let's Dance	Eb major (5B)
Gregory Isaacs Lonely Girl	G major (9B)
Gregory Isaacs Soon Forward	C major (8B)
Queen Bohemian Rhapsody	C minor (5A)
Queen Another One Bites The Dust	F minor (4A)
Queen Killer Queen	Bb major (6B)
Queen Fat Bottomed Girls	D major (10B)
Queen Bicycle Race	Eb major (5B)
Queen You're My Best Friend	C major (8B)
Queen Don't Stop Me Now	F major (7B)
Queen Save Me	G major (9B)
Queen Now I'm Here	E major (12B)
Queen Good Old-Fashioned Lover Boy	Eb major (5B)
Queen Play The Game	F major (7B)
Queen Flash	E minor (9A)
Queen Seven Seas Of Rhye	D major (10B)
Queen We Will Rock You	D major (10B)
Queen We Are The Champions	G minor (6A)
Horace Andy Horse With No Name	E minor (9A)
Simply Red Night Nurse	G major (9B)
Yellowman Zungguzungguguzungguzeng	F# minor (11A)
Sister Nancy Bam Bam	F major (7B)
Marcia Aitken I'm Still In Love With You	G major (9B)
Black Uhuru I Love King Selassie	F minor (4A)
Max Romeo Material Man	A minor (8A)
The Wailers I Shot The Sherif (Instrumental)	F# minor (11A)
Nightmares On Wax Gambia Via Vagatorbeach	C major (8B)
Nightmares On Wax Flip Ya Lid	E minor (9A)
Nightmares On Wax Pudpots	B major (1B)
Nightmares On Wax Damn	A# minor (3A)
Nightmares On Wax You Wish	A minor (8A)
Nightmares On Wax I Am You	E major (12B)
Nightmares On Wax Soul Purpose	F# major (2B)
Nightmares On Wax African Pirates	F# minor (11A)
Boards Of Canada Pete Standing Alone	C# major (3B)
Boards Of Canada Smokes Quantity	G# minor (1A)
Boards Of Canada Open The Light	D minor (7A)
Boards Of Canada One Very Important Thought	A major (11B)
Jahseal, Aldubb And Soultrain Beat The System (RCola's Jungle Remix)	E minor (9A)
Jahseal, Aldubb And Soultrain Beat The System (Tricky D's Dubstep Remix)	C major (8B)
Ariane Dolphins Orbital	E minor (9A)
L'Entourloop Le Savoir Faire	E minor (9A)
L'Entourloop Weh U Come From	A minor (8A)
L'Entourloop Johnny A Bad Man	A major (11B)
The Architect The Earth Is My Witness	F# minor (11A)
Soundclash Bang Bang (Subzero Remix)	D major (10B)
Krak In Dub 2 Short	A# minor (3A)
Krak In Dub Blast1	F minor (4A)
Augustus Pablo Pablo In Dub	Ab major (4B)
Peternity Test Time	G major (9B)
Eric Elser Control	D major (10B)
Phony Orphants Shrooms'n Fishfingers	G minor (6A)
The Alan Parsons Project Breakdown	D major (10B)
The Alan Parsons Project Don't Let It Show	C# major (3B)
The Alan Parsons Project The Voice	Ab major (4B)
The Alan Parsons Project Nucleus	C# minor (12A)
The Alan Parsons Project Day After Day (The Show Must Go On)	C major (8B)
The Alan Parsons Project Total Eclipse	Ab major (4B)
The Alan Parsons Project Genesis CH.1. V.32	D minor (7A)
Eat Static Second Sight	C# major (3B)
Viper Moodadjuster	F# minor (11A)
Bluetech Desperate Ends	B minor (10A)
Bluetech Cliffdiving	F minor (4A)
Bluetech Nightvale	D major (10B)
Bluetech Ambergris	G major (9B)
Bob Dylan You Ain't Goin Nowhere	G major (9B)
Bob Dylan Wigwam	C major (8B)
Man With No Name Moment Of Truth	G major (9B)
Man With No Name Evolution	D major (10B)
Man With No Name Low Commotion	F# major (2B)
Man With No Name Subterfuge	F# minor (11A)
Man With No Name Dawn Chorus	C# major (3B)
Man With No Name Floor-Essence (Dayglo Mix)	C major (8B)
Tribe Of Issachar Tribal Natty (Aphrodite Remix)	G# minor (1A)
Tribe Of Issachar Tribal Natty (Aphrodite Dub Mix)	A# minor (3A)
Tribe Of Issachar Wardance (Serial Killaz Remix)	C# major (3B)
Rebel MC & Serial Killaz Promised Land	A# minor (3A)
Rebel MC & Serial Killaz Promised Land VIP	A# minor (3A)
Bob Marley And The Wailers Lively Up Yourself	G major (9B)
Bob Marley And The Wailers 400 Years	G minor (6A)
Bob Marley And The Wailers Concrete Jungle	D major (10B)
Bob Marley And The Wailers Get Up, Stand Up	Bb major (6B)
Cut & Run Outta Space (Booty Space Mix)	F minor (4A)
Cut & Run Outta Space (DnB Mix)	F minor (4A)
Visionary Featuring King Dub Rock Sound	G major (9B)
Visionary Feat. Peter Ranking Tempest	A# minor (3A)
Conscious Sounds Run Down Money	E minor (9A)
Conscious Sounds In The Line	Bb major (6B)
Conscious Sounds Energy Dub	B major (1B)
Conscious Sounds Danger Dub	C# major (3B)
Gaudi With Adrian Sherwood Dub’s Nine Lives	A# minor (3A)
Gaudi With Dennis Bovell Cross To Theremin	A# minor (3A)
St Germain Sentimental Mood	C# major (3B)
St Germain What’s New?	C major (8B)
Tame Impala Nangs	C major (8B)
Tame Impala The Moment	G major (9B)
Tame Impala Yes I'm Changing	C major (8B)
Tame Impala The Less I Know The Better	E major (12B)
Tame Impala Past Life	G minor (6A)
Tame Impala Solitude Is Bliss	E minor (9A)
Tame Impala Expectation	F major (7B)
Tame Impala The Bold Arrow Of Time	C major (8B)
Tame Impala Runway, Houses, City, Clouds	Eb major (5B)
Tame Impala I Don't Really Mind	F# major (2B)
Manmademan Breathless	D major (10B)
Manmademan Bad Seed	A major (11B)
Manmademan 1920	G major (9B)
Manmademan Won't Belong	F major (7B)
Scott Allen Wicked Ones	A# minor (3A)
Scott Allen & Deeper Connection Zion Dub	C# minor (12A)
Nirvana Jesus Doesn't Want Me For A Sunbeam	Ab major (4B)
Nirvana The Man Who Sold The World	C# minor (12A)
The Congos Sodom & Gomorrow	C major (8B)
The Congos The Wrong Thing	A minor (8A)
Pink Floyd The Thin Ice	A minor (8A)
Yann Tiersen The Window	A minor (8A)
Yann Tiersen Prayer No. 3	G minor (6A)
Mumford & Sons Thistle & Weeds	D minor (7A)
King Tubby Take 5 Dub	Ab major (4B)
Leroy Smart Mr Rich Dub	C# major (3B)
Horace Andy Start All Over Over Dub	Bb major (6B)
Don Carlos Big Mouth Dub	G major (9B)
The Aggrovators Dub Turn Back	C# major (3B)
King Tubby Upper 1st Street Dub	C# minor (12A)
Ronnie Davis Dubbing You	A major (11B)
Pale Grey Billy	Bb major (6B)
Pale Grey Hunter	C# major (3B)
Pale Grey Crow	A minor (8A)
Pale Grey Seasons	G minor (6A)
The Wildlife Collective Ragga Tip (Walk And Skank)	Bb major (6B)
The Wildlife Collective Ragga Muffin	F# minor (11A)
Deekline and Ed Solo King Of The Bongo	G major (9B)
DJ Deekline & Ed Solo Remember	C# major (3B)
Zound & Ku We Got The Sound (Zound & Ku Remix)	F# major (2B)
DJ Dubb Hollow Earth	Ab major (4B)
The DSC Haffi Get Gal	C major (8B)
Vandal Ghetto Thief	G major (9B)
Vandal Infiltrate	C# major (3B)
Vandal & Demolition Man Fire 2016	D major (10B)
Vandal & Shaggy Sweat Trough The Night	F# minor (11A)
Vandal & C3B Get Back	F# minor (11A)
Skinshape Kourou	D minor (7A)
Alpha & Omega The Tabernacle	C# minor (12A)
The Disciples Roaring Lion	Eb major (5B)
Prince Jammy Oragami Black Belt	G minor (6A)
Prince Jammy Fist Of Fury	B minor (10A)
Moby Run On	B major (1B)
Moby Down Slow	E major (12B)
Moby Guitar Flute & String	E minor (9A)
Moby The Sky Is Broken	E minor (9A)
Turntable Dubbers Rasta Be Good	D major (10B)
UK Apache Concrete Jungle (Vocal Mix)	D major (10B)
UK Apache Concrete Jungle (Dub Mix)	D major (10B)
UK Apache Concrete Jungle (Hip Hop Mix)	D major (10B)
Spoonbill Chewy Onya Boot	F minor (4A)
Gorillaz M1 A1	G minor (6A)
Cream Mother's Lament	G major (9B)
Guelewars Band Of Banjul Tasito	F# minor (11A)
Guelewars Band Of Banjul Honda	C# major (3B)
Guelewars Band Of Banjul Wollou	C# minor (12A)
Guelewars Band Of Banjul Djaraama	Ab major (4B)
Guelewars Band Of Banjul Kele Fasane	C# minor (12A)
The Deviant S.T.C. (Edit)	D major (10B)
Semsis Semsis	A minor (8A)
Satori Liquid Sky	A# minor (3A)
Etnica Full On (Edit)	C# major (3B)
Shanti Druid Insect-A-Traction	B major (1B)
Dope Ammo & Run Tingz Cru Featuring Virgo Don Time Fi Dance	B major (1B)
Biscuit Boys Intergalactic (Prisoners Of Technology TMS 1 Remix)	D major (10B)
Fatboy Fat Rockafeller Skank (Mulders Urban Takeover Mix)	G major (9B)
Mystic Pulse Call Di Doctor	D major (10B)
Gunmen Running Over	C# major (3B)
Murder Inc. Wings Of The Morning	B major (1B)
Trilla Jenna Ghetto Yout Nah Give Up	B major (1B)
Saralène More Love	A minor (8A)
Mungo's HiFi Rooster Dub	F minor (4A)
Mungo's HiFi Songs Of Zion	C minor (5A)
Mungo's HiFi Did You Really Know	B minor (10A)
Mungo's HiFi Around The World	F# major (2B)
The War On Drugs Disappearing	G# minor (1A)
The War On Drugs Lost In The Dream	G major (9B)
The War On Drugs In Reverse	C# major (3B)
Whitney Bank Head	E minor (9A)
Whitney A.M. AM	E major (12B)
Whitney Take Me Home, Country Roads	D major (10B)
Whitney High On A Rocky Ledge	F# major (2B)
Whitney Something Happen	B minor (10A)
Nuts One Bubble Gum	F# minor (11A)
Nuts One Acid Hazes	Ab major (4B)
Doof Youth Of The Galaxy (Final Demand Mix)	B minor (10A)
Desmond Dekker Look What They're Doing To Me	Ab major (4B)
Desmond Dekker 007 Shanty Town	A major (11B)
The Velvet Underground & Nico Heroin	C# major (3B)
The Velvet Underground & Nico There She Goes Again	G major (9B)
The Velvet Underground & Nico I'll Be Your Mirror	G major (9B)
The Velvet Underground & Nico The Black Angel's Death Song	G major (9B)
The Velvet Underground & Nico European Son	G major (9B)
Gramatik Torture	D major (10B)
Gramatik Bluestep	E minor (9A)
Gramatik Pardon My French	C# minor (12A)
Gramatik We Used To Dream	G minor (6A)
Dennis Brown (Brother) Stop The Fussing & Fighting	Eb major (5B)
The Mighty Diamonds Pass The Kutchie	C major (8B)
Nightmares On Wax Pipes Honour	C# major (3B)
Nightmares On Wax Me + You	C# major (3B)
Nightmares On Wax Stars	B minor (10A)
Nightmares On Wax Wait A Minute	A minor (8A)
Nightmares On Wax Praying For A Jeepbeat	C# major (3B)
Nightmares On Wax Groove St.	A# minor (3A)
Nightmares On Wax Time (To Listen)	Ab major (4B)
Nightmares On Wax Rise (Reprise)	B minor (10A)
Nightmares On Wax Deepdown	C major (8B)
Nightmares On Wax Chime Out	C major (8B)
Nightmares On Wax Me!	A major (11B)
L'Entourloop Shoefiti	A# minor (3A)
The Architect Old Mob Blues	B minor (10A)
The Architect Design Of The Future	G# minor (1A)
The Architect Streets Of Neryhi	D major (10B)
Augustus Pablo Please Sunrise	A# minor (3A)	150
Augustus Pablo Point Blank	A# minor (3A)	133
Augustus Pablo Arabian Rock	C minor (5A)	132
Augustus Pablo Pretty Baby	Bb major (6B)	134
Augustus Pablo Pablo In Dub	Ab major (4B)	144
Augustus Pablo Marabi (Bonus Track)	G# minor (1A)	81
Augustus Pablo Java (Bonus Track)	F# major (2B)	136
Augustus Pablo Too Late	C# minor (12A)	115
Augustus Pablo Assignment No 1	G minor (6A)	142
Augustus Pablo Jah Rock	C major (8B)	140
Augustus Pablo Lover's Mood	G# minor (1A)	135
Augustus Pablo Guiding Red (Bonus Track)	A minor (8A)	160
Gregory Isaacs Sacrifice	B minor (10A)	140
Gregory Isaacs Storm	A major (11B)	73
Gregory Isaacs Storybook Children	D major (10B)	142
Gregory Isaacs Hand Cuff	C major (8B)	138
Gregory Isaacs Slave Master	B major (1B)	135
Gregory Isaacs Get Ready	C major (8B)	176
Gregory Isaacs Smile	F minor (4A)	148
The Shanti-Ites Arise Dub	A# minor (3A)	150
The Shanti-Ites Emotion	A# minor (3A)	93
Augustus Pablo Dub Organizer	A minor (8A)	133
The Shanti-Ites Emotion Dub	A# minor (3A)	93
Augustus Pablo Skateland Rock	F minor (4A)	141
Danny Red Rasta We Rasta	B minor (10A)	140
Augustus Pablo Dread Eye	E major (12B)	136
Forward Fever Africa To Hollywood Dub	Eb major (5B)	77
Gregory Isaacs Set The Captive Free	G major (9B)	133
Danny Red Original Formula	F minor (4A)	97
Gregory Isaacs The Winner	A major (11B)	139
Manasseh Solution Dub	C major (8B)	150
Gregory Isaacs Smile	F minor (4A)	148
Danny Red Dance Get Overload	C# major (3B)	167
Alix Perez Burning Babylon	B major (1B)	175
Manasseh Loaded Dub	C# minor (12A)	160
Alix Perez Empty Words	C# major (3B)	87
Danny Red Smoke My Chalwa	A minor (8A)	137
The Shanti-Ites Let H.I.M Arise........	Bb major (6B)	146
Manasseh Chilum Dub	C# minor (12A)	160
The Shanti-Ites Arise Dub	A# minor (3A)	150
Danny Red Nobody	A minor (8A)	121
The Shanti-Ites Emotion	A# minor (3A)	93
Manasseh Somebody Version	D major (10B)	170
Danny Red You Don't Know	Ab major (4B)	130
The Shanti-Ites Emotion Dub	A# minor (3A)	93
Manasseh Knowing Version	Ab major (4B)	130
Danny Red Rasta We Rasta	B minor (10A)	140
Danny Red Babylon Sick	B minor (10A)	135
Forward Fever Africa To Hollywood Dub	Eb major (5B)	77
Danny Red Original Formula	F minor (4A)	97
Manasseh Medicine Version	C major (8B)	108
Manasseh Solution Dub	C major (8B)	150
Steely Dan Black Cow	D major (10B)	189
Danny Red Dance Get Overload	C# major (3B)	167
Steely Dan Aja	G major (9B)	117
Manasseh Loaded Dub	C# minor (12A)	160
Steely Dan Deacon Blues	C major (8B)	116
Danny Red Smoke My Chalwa	A minor (8A)	137
Steely Dan Peg	G major (9B)	117
Manasseh Chilum Dub	C# minor (12A)	160
Tenastelin & King Alpha Rasta Mission (Dub 2)	D major (10B)	144
Manasseh Medicine Version	C major (8B)	108
Steely Dan Black Cow	D major (10B)	189
Tenastelin & King Alpha Animal Rights	Ab major (4B)	144
Steely Dan Aja	G major (9B)	117
Tenastelin & King Alpha Animal Rights (Dub 1)	A minor (8A)	144
Steely Dan Deacon Blues	C major (8B)	116
Tenastelin & King Alpha Animal Rights (Dub 2)	A minor (8A)	144
Alpha & Omega Pure And Clean	F minor (4A)	142
Alpha & Omega Sharu Att Our Aunt (Beginning And End)	C# major (3B)	122
Aphrodite Def Jammer	D major (10B)	80
Aphrodite Stalker	B major (1B)	174
Tenastelin & King Alpha Animal Rights	Ab major (4B)	144
Amphasis Matrix	C# major (3B)	111
Tenastelin & King Alpha Animal Rights (Dub 1)	A minor (8A)	144
Alegria MDMA Test	G major (9B)	122
Tenastelin & King Alpha Animal Rights (Dub 2)	A minor (8A)	144
Peternity Test Time	G major (9B)	108
Alpha & Omega King And Queen	A minor (8A)	131
Eric Elser Control	D major (10B)	125
Alpha & Omega Mankind See	A major (11B)	74
Phony Orphants Shrooms'n Fishfingers	G minor (6A)	120
Alpha & Omega The Lions Den	A major (11B)	153
The Alan Parsons Project I Robot	F major (7B)	91
Alpha & Omega The Vibration	F major (7B)	76
The Alan Parsons Project I Wouldn't Want To Be Like You	C# major (3B)	101
Alpha & Omega Majesty	C major (8B)	163
The Alan Parsons Project Some Other Time	A minor (8A)	126
Alpha & Omega Jubilation	G major (9B)	143
The Alan Parsons Project Breakdown	D major (10B)	170
The Alan Parsons Project Nucleus	C# minor (12A)	125
Alpha & Omega Sharu Att Our Aunt (Beginning And End)	C# major (3B)	122
Aphrodite Def Jammer	D major (10B)	80
The Alan Parsons Project Day After Day (The Show Must Go On)	C major (8B)	112
Aphrodite Stalker	B major (1B)	174
The Alan Parsons Project Total Eclipse	Ab major (4B)	66
Eargear Rumburak	D# minor (2A)	128
The Alan Parsons Project Genesis CH.1. V.32	D minor (7A)	127
Amphasis Matrix	C# major (3B)	111
U-Roy Repatriation	E minor (9A)	137
Alegria MDMA Test	G major (9B)	122
U-Roy Teacher Morris	G major (9B)	74
Peternity Test Time	G major (9B)	108
U-Roy Brimstone & Fire	E minor (9A)	145
The Alan Parsons Project Don't Let It Show	C# major (3B)	132
U-Roy Follow Me	E major (12B)	101
The Alan Parsons Project The Voice	Ab major (4B)	114
Tim Tama Something True	A major (11B)	134
The Alan Parsons Project Nucleus	C# minor (12A)	125
Tim Tama Wave Of Nostalgia	C# minor (12A)	137
The Alan Parsons Project Day After Day (The Show Must Go On)	C major (8B)	112
The Alan Parsons Project Total Eclipse	Ab major (4B)	66
Tim Tama Designed 4da Mind	D major (10B)	134
The Alan Parsons Project Genesis CH.1. V.32	D minor (7A)	127
Tim Tama Lavender	C# major (3B)	133
U-Roy Repatriation	E minor (9A)	137
Vinyl Junkie & Sanxion Featuring Bushman Talk Too Much	G major (9B)	121
U-Roy Teacher Morris	G major (9B)	74
Vinyl Junkie & Sanxion Featuring Bushman Talk Too Much (Dj Westy Remix)	A# minor (3A)	125
Vinyl Junkie & Sanxion Featuring Bushman Talk Too Much (140 Mix)	G major (9B)	121
U-Roy 3 Minutes Of Talk	A minor (8A)	136
The War On Drugs Up All Night	D major (10B)	127
U-Roy Bitter Nut	Ab major (4B)	146
The War On Drugs Pain	G minor (6A)	116
U-Roy Mother Of Civilisation	A major (11B)	130
The War On Drugs Holding On	F# major (2B)	150
U-Roy Jamaica	D major (10B)	84
The War On Drugs Strangest Thing	E major (12B)	75
U-Roy Black Man	C major (8B)	91
The War On Drugs Knocked Down	C major (8B)	120
U-Roy Dog And The Bone	C major (8B)	148
U-Roy Brimstone & Fire	E minor (9A)	145
The War On Drugs Nothing To Find	C major (8B)	158
The War On Drugs Thinking Of A Place	B major (1B)	103
U-Roy Follow Me	E major (12B)	101
The War On Drugs In Chains	B major (1B)	138
Tim Tama Something True	A major (11B)	134
The War On Drugs Clean Living	C# major (3B)	87
Tim Tama Wave Of Nostalgia	C# minor (12A)	137
Tim Tama Designed 4da Mind	D major (10B)	134
Vinyl Junkie & Sanxion Featuring Bushman Talk Too Much	G major (9B)	121
Viper Moodadjuster	F# minor (11A)	106
Vinyl Junkie & Sanxion Featuring Bushman Talk Too Much (Dj Westy Remix)	A# minor (3A)	125
Dope Uncut (Badangmix)	D major (10B)	120
Vinyl Junkie & Sanxion Featuring Bushman Talk Too Much (140 Mix)	G major (9B)	121
Wasp vs. Steriliser Bug Thing	D major (10B)	98
The War On Drugs Up All Night	D major (10B)	127
N-Tropic Impact (Ad Mix)	E minor (9A)	97
The War On Drugs Pain	G minor (6A)	116
Noise Darkling Baby	C major (8B)	147
The War On Drugs Holding On	F# major (2B)	150
Four Carry Nuts Professor Hastig	B minor (10A)	145
The War On Drugs Strangest Thing	E major (12B)	75
The War On Drugs Knocked Down	C major (8B)	120
Snug Big Block	B minor (10A)	144
Rastaliens Bodyspeaker	F# minor (11A)	140
The War On Drugs Nothing To Find	C major (8B)	158
Rastaliens Weird Condios	F# minor (11A)	143
The War On Drugs Thinking Of A Place	B major (1B)	103
Rastaliens Grumble	G major (9B)	143
The War On Drugs In Chains	B major (1B)	138
Rastaliens Fitz Fatz	G# minor (1A)	143
The War On Drugs Clean Living	C# major (3B)	87
Rastaliens Mission Not Possible	C major (8B)	140
The War On Drugs You Don't Have To Go	E major (12B)	134
Rastaliens Twister	G major (9B)	142
Eat Static Second Sight	C# major (3B)	139
Rastaliens Fat Flip	G major (9B)	140
Viper Moodadjuster	F# minor (11A)	106
Rastaliens Mr. Sandman	C# minor (12A)	143
Dope Uncut (Badangmix)	D major (10B)	120
Manu Chao Clandestino	F# minor (11A)	85
Wasp vs. Steriliser Bug Thing	D major (10B)	98
Manu Chao Desaparecido	A minor (8A)	192
N-Tropic Impact (Ad Mix)	E minor (9A)	97
Manu Chao Bongo Bong	A minor (8A)	150
Noise Darkling Baby	C major (8B)	147
Four Carry Nuts Professor Hastig	B minor (10A)	145
Manu Chao Je Ne T'Aime Plus	A minor (8A)	150
Snug Big Block	B minor (10A)	144
Manu Chao Mentira...	F minor (4A)	76
Rastaliens Bodyspeaker	F# minor (11A)	140
Manu Chao Lagrimas De Oro	A major (11B)	96
Rastaliens Weird Condios	F# minor (11A)	143
Manu Chao Mama Call	F# minor (11A)	82
Rastaliens Grumble	G major (9B)	143
Manu Chao Luna Y Sol	A minor (8A)	122
Manu Chao Malegria	A minor (8A)	122
Rastaliens Fat Flip	G major (9B)	140
Manu Chao La Vie À 2	F minor (4A)	158
Rastaliens Mr. Sandman	C# minor (12A)	143
Manu Chao Minha Galera	E major (12B)	130
Manu Chao Clandestino	F# minor (11A)	85
Manu Chao La Despedida	B minor (10A)	164
Manu Chao Desaparecido	A minor (8A)	192
Manu Chao El Viento	E major (12B)	129
Manu Chao Bongo Bong	A minor (8A)	150
Manu Chao Por El Suelo	A# minor (3A)	79
Manu Chao Je Ne T'Aime Plus	A minor (8A)	150
Manu Chao Welcome To Tijuana	D minor (7A)	142
Manu Chao Mentira...	F minor (4A)	76
Bluetech Mezzamorphic	C# major (3B)	120
Manu Chao Mama Call	F# minor (11A)	82
Bluetech Desperate Ends	B minor (10A)	152
Manu Chao Luna Y Sol	A minor (8A)	122
Bluetech Cliffdiving	F minor (4A)	79
Manu Chao Por El Suelo	A# minor (3A)	79
Bluetech Lusitania	E minor (9A)	176
Manu Chao Welcome To Tijuana	D minor (7A)	142
Bluetech Nightvale	D major (10B)	160
Manu Chao Dia Luna... Dia Pena	E minor (9A)	122
Bluetech Ambergris	G major (9B)	112
Manu Chao Malegria	A minor (8A)	122
Bluetech Darwinia	D major (10B)	152
Manu Chao La Vie À 2	F minor (4A)	158
Bluetech Embassytown	F minor (4A)	160
Manu Chao Minha Galera	E major (12B)	130
Bluetech Hyperion	D major (10B)	160
Manu Chao La Despedida	B minor (10A)	164
Bluetech Gethen	A major (11B)	80
Manu Chao El Viento	E major (12B)	129
Bluetech Caladan	A minor (8A)	178
Manu Chao Lagrimas De Oro	A major (11B)	96
Bluetech Submerge	F# major (2B)	120
Bluetech Leaving Babylon	F# minor (11A)	152
Bluetech Underwater Cities	G major (9B)	120
Bluetech Prophetic Sines	F minor (4A)	176
Bluetech Lights From Mariana	F minor (4A)	120
Bluetech 7th Phase Dub	G minor (6A)	152
The Zombies A Rose For Emily	D major (10B)	141
Bluetech Burning Waters	D major (10B)	168
The Zombies Maybe After He's Gone	D major (10B)	121
Bluetech Mezzamorphic	C# major (3B)	120
Bluetech Desperate Ends	B minor (10A)	152
Bluetech Cliffdiving	F minor (4A)	79
The Zombies Beechwood Park	Eb major (5B)	148
Bluetech Darwinia	D major (10B)	152
Bluetech Embassytown	F minor (4A)	160
The Zombies Brief Candles	F# minor (11A)	135
Bluetech Hyperion	D major (10B)	160
The Zombies Hung Up On A Dream	C major (8B)	101
Bluetech Gethen	A major (11B)	80
Bluetech Underwater Cities	G major (9B)	120
Bluetech Lights From Mariana	F minor (4A)	120
Bluetech Emerald Prisms	Ab major (4B)	120
Bluetech Lights From Mariana (Pleasure Corporation Remix)	D major (10B)	131
Bluetech Surface Radiance	C minor (5A)	180
The Zombies Butcher's Tale (Western Front 1914)	A minor (8A)	114
The Zombies Care Of Cell 44	G major (9B)	130
The Zombies Friends Of Mine	C major (8B)	126
The Zombies A Rose For Emily	D major (10B)	141
The Zombies Time Of The Season	E minor (9A)	118
The Zombies Maybe After He's Gone	D major (10B)	121
Aries, Gold Dubs & Jinx ft Eva Lazarus Fall In Love	A minor (8A)	92
Aries, Gold Dubs, Bevan & Andy Sim ft Lion Art Chem Trails	A minor (8A)	135
The Zombies Beechwood Park	Eb major (5B)	148
The Zombies Brief Candles	F# minor (11A)	135
Wickedsquad Domo-Kun-Bogle	E minor (9A)	76
The Zombies Butcher's Tale (Western Front 1914)	A minor (8A)	114
Mac DeMarco Goodbye Weekend	G# minor (1A)	145
The Zombies Friends Of Mine	C major (8B)	126
Mac DeMarco Let My Baby Stay	F minor (4A)	132
The Zombies Time Of The Season	E minor (9A)	118
Mac DeMarco Passing Out Pieces	F major (7B)	81
Aries, Gold Dubs & Jinx ft Eva Lazarus Fall In Love	A minor (8A)	92
Mac DeMarco Treat Her Better	F minor (4A)	160
Aries, Gold Dubs, Bevan & Andy Sim ft Lion Art Chem Trails	A minor (8A)	135
Wickedsquad Domo-Kun-Bogle	E minor (9A)	76
Mac DeMarco Chamber Of Reflection	A minor (8A)	131
Mac DeMarco Salad Days	C# major (3B)	179
Mac DeMarco Go Easy	A minor (8A)	78
Mac DeMarco Jonny's Odyssey	G# minor (1A)	150
Mac DeMarco Blue Boy	G# minor (1A)	150
Mac DeMarco Mac's Outro	G# minor (1A)	150
Mac DeMarco Brother	E major (12B)	77
Mac DeMarco Let Her Go	B major (1B)	126
Sonic Boom Just Imagine	C major (8B)	147
Mac DeMarco Goodbye Weekend	G# minor (1A)	145
Sonic Boom Just A Little Piece Of Me	C major (8B)	72
Mac DeMarco Let My Baby Stay	F minor (4A)	132
Sonic Boom Things Like This (A Little Bit Deeper)	D minor (7A)	98
Mac DeMarco Passing Out Pieces	F major (7B)	81
Sonic Boom Spinning Coins And Wishing On Clovers	A minor (8A)	93
Mac DeMarco Treat Her Better	F minor (4A)	160
Sonic Boom My Echo, My Shadow And Me	D major (10B)	134
Sonic Boom Things Like This (A Little Bit Deeper)	D minor (7A)	98
Santana Take Me With You	A minor (8A)	118
Sonic Boom Spinning Coins And Wishing On Clovers	A minor (8A)	93
Santana Let Me	D minor (7A)	96
Sonic Boom My Echo, My Shadow And Me	D major (10B)	134
Santana Gitano	A minor (8A)	118
Sonic Boom Tawkin Tekno	D major (10B)	140
Sonic Boom I Can See Light Bend	F major (7B)	77
Sonic Boom I Feel A Change Coming On	F major (7B)	128
Santana Dance Sister Dance (Baila Mi Hermana)	F minor (4A)	142
Santana Take Me With You	A minor (8A)	118
Santana Tell Me Are You Tired	Ab major (4B)	116
Simon & Garfunkel The Sounds Of Silence	F# major (2B)	108
Santana Europa (Earth's Cry Heaven's Smile)	C minor (5A)	75
Simon & Garfunkel Leaves That Are Green	E major (12B)	106
Santana Let It Shine	D major (10B)	107
Simon & Garfunkel Blessed	G major (9B)	203
Simon & Garfunkel The Sounds Of Silence	F# major (2B)	108
Simon & Garfunkel Kathy's Song	F# major (2B)	102
Simon & Garfunkel Leaves That Are Green	E major (12B)	106
Simon & Garfunkel Somewhere They Can't Find Me	B minor (10A)	81
Simon & Garfunkel Blessed	G major (9B)	203
Simon & Garfunkel Anji	B minor (10A)	168
Simon & Garfunkel Kathy's Song	F# major (2B)	102
Simon & Garfunkel Homeward Bound	Eb major (5B)	93
Simon & Garfunkel Somewhere They Can't Find Me	B minor (10A)	81
Simon & Garfunkel Richard Cory	B major (1B)	81
Simon & Garfunkel Anji	B minor (10A)	168
Chinese Man Bunni Groove	F# minor (11A)	125
Chinese Man You Suck Me	B minor (10A)	168
Santana El Nicoya	A# minor (3A)	146
Santana Mother's Daughter	Bb major (6B)	139
Santana Samba Pa Ti	A minor (8A)	92
Bob Dylan Like A Rolling Stone	C major (8B)	95
Santana Hope You're Feeling Better	D major (10B)	94
Bob Dylan Blowin' In The Wind	D major (10B)	175
Santana El Nicoya	A# minor (3A)	146
Bob Dylan The Times They Are A-Changin'	G major (9B)	172
Bob Dylan Like A Rolling Stone	C major (8B)	95
Bob Dylan Subterranean Homesick Blues	E minor (9A)	174
Bob Dylan Blowin' In The Wind	D major (10B)	175
Bob Dylan Positively 4th Street	F# major (2B)	109
Bob Dylan The Times They Are A-Changin'	G major (9B)	172
Bob Dylan Rainy Day Woman # 12 & 35	F major (7B)	95
Bob Dylan Subterranean Homesick Blues	E minor (9A)	174
Bob Dylan All Along The Watchtower	C# minor (12A)	129
Bob Dylan Positively 4th Street	F# major (2B)	109
Bob Dylan If Not For You	A major (11B)	139
Bob Dylan Hurricane (Part 1)	C major (8B)	136
Bob Dylan Rainy Day Woman # 12 & 35	F major (7B)	95
Bob Dylan All Along The Watchtower	C# minor (12A)	129
Bob Dylan Knockin' On Heaven's Door	G major (9B)	140
Bob Dylan Make You Feel My Love	C# major (3B)	143
Bob Dylan If Not For You	A major (11B)	139
Bob Dylan Hurricane (Part 1)	C major (8B)	136
Bob Dylan I Want You	F major (7B)	100
Bob Dylan Knockin' On Heaven's Door	G major (9B)	140
Bob Dylan Lay Lady Lay	B minor (10A)	156
Bob Dylan Make You Feel My Love	C# major (3B)	143
Bob Dylan Tangled Up In Blue	A major (11B)	101
Bob Dylan I Want You	F major (7B)	100
Bob Dylan You Ain't Goin Nowhere	G major (9B)	116
Bob Dylan Lay Lady Lay	B minor (10A)	156
Bob Dylan Wigwam	C major (8B)	138
Bob Dylan Tangled Up In Blue	A major (11B)	101
Bob Dylan You Ain't Goin Nowhere	G major (9B)	116
Bob Dylan Wigwam	C major (8B)	138
Man With No Name Moment Of Truth	G major (9B)	140
Man With No Name Evolution	D major (10B)	134
Man With No Name Moment Of Truth	G major (9B)	140
Man With No Name Floor-Essence (Dayglo Mix)	C major (8B)	134
Man With No Name Dawn Chorus	C# major (3B)	135
Man With No Name Sugar Rush (Refined Mix)	A minor (8A)	140
Man With No Name Floor-Essence (Dayglo Mix)	C major (8B)	134
Man With No Name Cosmic Echoes	A# minor (3A)	136
Man With No Name Sugar Rush (Refined Mix)	A minor (8A)	140
Tribe Of Issachar Tribal Natty (Aphrodite Remix)	G# minor (1A)	99
Man With No Name Cosmic Echoes	A# minor (3A)	136
Tribe Of Issachar Tribal Natty (Aphrodite Dub Mix)	A# minor (3A)	120
Tribe Of Issachar Tribal Natty (Aphrodite Remix)	G# minor (1A)	99
Blackstar Champion DJ (2005 Ebony Dubsters Remix)	E major (12B)	83
Tribe Of Issachar Tribal Natty (Aphrodite Dub Mix)	A# minor (3A)	120
Blackstar Champion DJ (3rd Eye Mix)	E major (12B)	83
Blackstar Champion DJ (2005 Ebony Dubsters Remix)	E major (12B)	83
Tribe Of Issachar Wardance (Serial Killaz Remix)	D major (10B)	130
Blackstar Champion DJ (3rd Eye Mix)	E major (12B)	83
Tribe Of Issachar Wardance (Serial Killaz Vip Mix)	G major (9B)	97
Tribe Of Issachar Wardance (Serial Killaz Remix)	D major (10B)	130
Rebel MC & Serial Killaz Promised Land	A# minor (3A)	139
Tribe Of Issachar Wardance (Serial Killaz Vip Mix)	G major (9B)	97
Rebel MC & Serial Killaz Promised Land VIP	A# minor (3A)	139
Rebel MC & Serial Killaz Promised Land	A# minor (3A)	139
Rebel MC & Serial Killaz Promised Land VIP	A# minor (3A)	139
Bob Marley And The Wailers Lively Up Yourself	G major (9B)	129
Bob Marley And The Wailers Lively Up Yourself	G major (9B)	129
Bob Marley And The Wailers Stop That Train	G major (9B)	148
Bob Marley And The Wailers Stop That Train	G major (9B)	148
Bob Marley And The Wailers Concrete Jungle	D major (10B)	96
Bob Marley And The Wailers Concrete Jungle	D major (10B)	96
Bob Marley And The Wailers Get Up, Stand Up	Bb major (6B)	78
Santana Travellin' Blues	C minor (5A)	86
Cut & Run Outta Space (DnB Mix)	F minor (4A)	120
Santana Fried Neckbones And Some Home Fries	Bb major (6B)	118
Santana Jingo	G major (9B)	127
Kai Tracid Your Own Reality (Energy Mix)	G major (9B)	140
Santana Soul Sacrifice	G major (9B)	136
Kai Tracid Your Own Reality (Single Mix)	B minor (10A)	138
Santana With A Liitle Help From My Friends	E major (12B)	161
Kai Tracid Your Own Reality (Tracid Mix)	B minor (10A)	136
Santana Persuasion	F# major (2B)	131
Kai Tracid Your Own Reality (Vocal Mix)	B minor (10A)	138
Santana Latin Tropical	D major (10B)	109
Visionary Featuring King Dub Rock Sound	G major (9B)	106
Santana Acapulco Sunrise	F major (7B)	140
Vendetta & Barber & Bad Kid More Gun	Ab major (4B)	137
Kai Tracid Your Own Reality (Tracid Mix)	B minor (10A)	136
Kai Tracid Your Own Reality (Vocal Mix)	B minor (10A)	138
Vendetta & Barber & Bad Kid Soundboy Dead	C# major (3B)	125
Visionary Featuring King Dub Rock Sound	G major (9B)	106
Vendetta & Barber & Bad Kid Try To Conquer I	F# major (2B)	95
Visionary Featuring King Thousand Miles	G major (9B)	106
Visionary Feat. Peter Ranking Tempest	A# minor (3A)	94
Vendetta & Barber & Bad Kid Bad Chill	E minor (9A)	114
Vendetta & Barber & Bad Kid More Gun	Ab major (4B)	137
Vendetta & Barber & Bad Kid Fit	C# major (3B)	168
Vendetta & Barber & Bad Kid Soundboy Dead	C# major (3B)	125
Vendetta & Barber & Bad Kid I'm The Devil	C# minor (12A)	87
Vendetta & Barber & Bad Kid Try To Conquer I	F# major (2B)	95
The James Taylor Quartet Believe	Ab major (4B)	100
Vendetta & Barber & Bad Kid Fit	C# major (3B)	168
The James Taylor Quartet Leads Me Back To You	C major (8B)	143
Vendetta & Barber & Bad Kid I'm The Devil	C# minor (12A)	87
The James Taylor Quartet Decoding The Pyramids	C# major (3B)	141
The James Taylor Quartet Believe	Ab major (4B)	100
The James Taylor Quartet Send Me	A major (11B)	189
The James Taylor Quartet Leads Me Back To You	C major (8B)	143
The James Taylor Quartet Decoding The Pyramids	C# major (3B)	141
The James Taylor Quartet Living	A major (11B)	119
The James Taylor Quartet Chasing Dragons	A minor (8A)	152
The James Taylor Quartet Outta Sight	G major (9B)	80
The James Taylor Quartet Can't Buy Joy	C major (8B)	178
The James Taylor Quartet Change Your Mind	E major (12B)	117
The James Taylor Quartet First Time	C# major (3B)	117
The James Taylor Quartet Starship	D minor (7A)	123
The James Taylor Quartet Outta Sight	G major (9B)	80
Nirvana Lithium	G major (9B)	123
Nirvana In Bloom	A# minor (3A)	157
Nirvana Polly	D minor (7A)	121
Nirvana Come As You Are	E minor (9A)	120
Nirvana Territorial Pissings	D major (10B)	183
Nirvana Breed	E major (12B)	158
Nirvana Drain You	B minor (10A)	133
Nirvana Lithium	G major (9B)	123
Nirvana Lounge Act	B minor (10A)	152
Nirvana Polly	D minor (7A)	121
Nirvana Stay Away	B minor (10A)	165
Nirvana Territorial Pissings	D major (10B)	183
Nirvana On A Plain	D major (10B)	133
Conscious Sounds Hard Road	A# minor (3A)	127
Conscious Sounds Devils Payroll	C major (8B)	78
Conscious Sounds Mankind Gone Crazy	G major (9B)	93
Conscious Sounds In Ya Area	Bb major (6B)	143
Conscious Sounds Worries	Bb major (6B)	90
Conscious Sounds Dub Next Door	G major (9B)	169
Conscious Sounds Run Down Money	E minor (9A)	79
Conscious Sounds Hard Road	A# minor (3A)	127
Conscious Sounds Mankind Gone Crazy	G major (9B)	93
Conscious Sounds In The Line	Bb major (6B)	90
Conscious Sounds Worries	Bb major (6B)	90
Conscious Sounds Energy Dub	B major (1B)	168
Conscious Sounds Run Down Money	E minor (9A)	79
Conscious Sounds Danger Dub	C# major (3B)	180
Conscious Sounds In The Line	Bb major (6B)	90
Shy FX & T Power Feelings	E minor (9A)	178
Conscious Sounds Energy Dub	B major (1B)	168
Conscious Sounds Danger Dub	C# major (3B)	180
Shy FX & T Power Feelings	E minor (9A)	178
Shy FX & T Power Everyday	Eb major (5B)	89
Shy FX & T Power Feelings (Instrumental)	F major (7B)	126
Shy FX & T Power Everyday	Eb major (5B)	89
Benny Page Turn Down The Lights	A minor (8A)	175
Dope Ammo vs Soundclash Roots + Future	A# minor (3A)	89
Visionary Featuring Peter Ranking Soundboy Burial	G major (9B)	170
Dope Ammo Dub Criminal	F# major (2B)	175
Visionary Gimme Your Love	A# minor (3A)	88
Gang Related Rukus	A# minor (3A)	132
Visionary Jungle Rock	C# major (3B)	175
Gang Related Vibration	A# minor (3A)	132
Gang Related Vibration	A# minor (3A)	132
Gaudi With Adrian Sherwood Dub’s Nine Lives	B major (1B)	105
Gaudi With Adrian Sherwood Dub’s Nine Lives	B major (1B)	105
Gaudi With Dennis Bovell Cross To Theremin	A# minor (3A)	175
Gaudi With Dennis Bovell Cross To Theremin	A# minor (3A)	175
Gaudi With The Scientist Smokin Dub	C# minor (12A)	110
Gaudi With The Scientist Smokin Dub	C# minor (12A)	110
Gaudi With Prince Fatty Theremin Dub Mafia	C# minor (12A)	110
Gaudi With Prince Fatty Theremin Dub Mafia	C# minor (12A)	110
Gaudi With Mad Professor Kumo Dub	C# minor (12A)	110
Gaudi With Mad Professor Kumo Dub	C# minor (12A)	110
Gaudi With Dennis Bovell Heying Dub	F minor (4A)	155
Gaudi With Dennis Bovell Heying Dub	F minor (4A)	155
Jera Precious	D major (10B)	180
Dijeyow Good Sensi	G major (9B)	175
Dijeyow Good Sensi	G major (9B)	175
Dijeyow Pumpking	C major (8B)	85
Dijeyow Pumpking	C major (8B)	85
Isaac Maya feat. Wayne Smith Sleng Teng	B major (1B)	174
Isaac Maya feat. Wayne Smith Sleng Teng	B major (1B)	174
Mooncat & Dijeyow Glock - War Gun War	C# minor (12A)	135
Isaac Maya, Daddy Freddy Move Ur Body	F# major (2B)	176
DJ Panik Feat Dijeyow Gangster	F# major (2B)	108
DJ Panik Feat Dijeyow Gangster	F# major (2B)	108
Kitachi Meet Iration Steppas Scratch (Kitachi In Dubwise)	C# minor (12A)	110
Kitachi Meet Iration Steppas Scratch (Kitachi In Dubwise)	A major (11B)	120
Kitachi Meet Iration Steppas Scratch (Fling Foot Mix)	D# minor (2A)	94
Kitachi Meet Iration Steppas Scratch (Fling Foot Mix)	D# minor (2A)	94
Kitachi Meet Iration Steppas Scratch (Raw Stretch Foot Mix)	A minor (8A)	147
Kitachi Meet Iration Steppas Scratch (Raw Stretch Foot Mix)	A minor (8A)	147
Sweet Smoke Silly Sally	D major (10B)	125
Sweet Smoke Silly Sally	D major (10B)	125
Sweet Smoke Baby Night	C# minor (12A)	107
Sweet Smoke Baby Night	C# minor (12A)	107
The Doors The Changeling	G# minor (1A)	118
The Doors The Changeling	G# minor (1A)	118
The Doors Love Her Madly	E minor (9A)	147
The Doors Love Her Madly	E minor (9A)	147
The Doors Been Down So Long	E major (12B)	123
The Doors Been Down So Long	E major (12B)	123
The Doors Cars Hiss By My Window	E major (12B)	72
The Doors Cars Hiss By My Window	E major (12B)	72
The Doors L.A. Woman	D major (10B)	171
The Doors L.A. Woman	D major (10B)	171
The Doors L'America	F# major (2B)	132
The Doors L'America	F# major (2B)	132
The Doors Hyacinth House	G major (9B)	172
The Doors Hyacinth House	G major (9B)	172
The Doors Crawling King Snake	A major (11B)	80
The Doors Crawling King Snake	A major (11B)	80
The Doors The WASP (Texas Radio And The Big Beat)	A major (11B)	119
The Doors The WASP (Texas Radio And The Big Beat)	A major (11B)	119
The Doors Riders On The Storm	B minor (10A)	104
The Doors Riders On The Storm	B minor (10A)	104
The Doors Break On Through (To The Other Side)	A major (11B)	90
The Doors Break On Through (To The Other Side)	A major (11B)	90
The Doors Soul Kitchen	A major (11B)	116
The Doors Soul Kitchen	A major (11B)	116
The Doors The Crystal Ship	Bb major (6B)	179
The Doors The Crystal Ship	Bb major (6B)	179
The Doors Twentieth Century Fox	A major (11B)	114
The Doors Twentieth Century Fox	A major (11B)	114
The Doors Take It As It Comes	E minor (9A)	149
The Doors Take It As It Comes	E minor (9A)	149
The Doors The End	C major (8B)	106
The Doors The End	C major (8B)	106
The Jimi Hendrix Experience Fire	A major (11B)	153
The Jimi Hendrix Experience Fire	A major (11B)	153
The Jimi Hendrix Experience The Wind Cries Mary	F major (7B)	80
The Jimi Hendrix Experience The Wind Cries Mary	F major (7B)	80
The Jimi Hendrix Experience Can You See Me	F# minor (11A)	134
The Jimi Hendrix Experience Can You See Me	F# minor (11A)	134
The Jimi Hendrix Experience Hey Joe	A major (11B)	169
The Jimi Hendrix Experience Hey Joe	A major (11B)	169
The Jimi Hendrix Experience All Along The Watchtower	Ab major (4B)	113
The Jimi Hendrix Experience All Along The Watchtower	Ab major (4B)	113
The Jimi Hendrix Experience Stone Free	D major (10B)	133
The Jimi Hendrix Experience Stone Free	D major (10B)	133
The Jimi Hendrix Experience Crosstown Traffic	C minor (5A)	113
The Jimi Hendrix Experience Crosstown Traffic	C minor (5A)	113
The Jimi Hendrix Experience Manic Depression	C# major (3B)	150
The Jimi Hendrix Experience Manic Depression	C# major (3B)	150
The Jimi Hendrix Experience Remember	C# major (3B)	99
The Jimi Hendrix Experience Remember	C# major (3B)	99
The Jimi Hendrix Experience Red House	F minor (4A)	54
The Jimi Hendrix Experience Red House	F minor (4A)	54
St Germain Thank U Mum (4 Everything You Did)	F# minor (11A)	121
St Germain Street Scene (4 Shazz) (Jazz-Hop Remix)	G# minor (1A)	88
St Germain Street Scene (4 Shazz) (Jazz-Hop Remix)	G# minor (1A)	88
St Germain Easy To Remember	A# minor (3A)	122
St Germain Easy To Remember	A# minor (3A)	122
St Germain Sentimental Mood	C# major (3B)	122
St Germain Sentimental Mood	C# major (3B)	122
St Germain What’s New?	C major (8B)	124
St Germain What’s New?	C major (8B)	124
St Germain Dub Experience II	G# minor (1A)	129
St Germain Dub Experience II	G# minor (1A)	129
St Germain Forget It	G major (9B)	192
St Germain Forget It	G major (9B)	192
CJ Bolland The Prophet (Jericho Mania)	E minor (9A)	152
CJ Bolland The Prophet (Jericho Mania)	E minor (9A)	152
CJ Bolland The Prophet (Original Mix)	F major (7B)	126
CJ Bolland The Prophet (Original Mix)	F major (7B)	126
CJ Bolland The Prophet (Hardknox Mix)	A major (11B)	125
CJ Bolland The Prophet (Hardknox Mix)	A major (11B)	125
Tame Impala Let It Happen	C# minor (12A)	125
Tame Impala Let It Happen	C# minor (12A)	125
Tame Impala Nangs	C major (8B)	168
Tame Impala Nangs	C major (8B)	168
Tame Impala The Moment	G major (9B)	119
Tame Impala The Moment	G major (9B)	119
Tame Impala Yes I'm Changing	C major (8B)	180
Tame Impala Yes I'm Changing	C major (8B)	180
Tame Impala Eventually	A minor (8A)	78
Tame Impala Eventually	A minor (8A)	78
Tame Impala Gossip	B minor (10A)	119
Tame Impala Gossip	B minor (10A)	119
Tame Impala The Less I Know The Better	E major (12B)	117
Tame Impala The Less I Know The Better	E major (12B)	117
Tame Impala Past Life	G minor (6A)	146
Tame Impala Past Life	G minor (6A)	146
Tame Impala Disciples	F major (7B)	127
Tame Impala Cause I'm A Man	A major (11B)	145
Tame Impala Reality In Motion	D major (10B)	115
Tame Impala Cause I'm A Man	A major (11B)	145
Tame Impala Love / Paranoia	F major (7B)	111
Tame Impala Reality In Motion	D major (10B)	115
Tame Impala Love / Paranoia	F major (7B)	111
Tame Impala New Person, Same Old Mistakes	Ab major (4B)	152
Tame Impala Jeremy's Storm	Eb major (5B)	128
Tame Impala Solitude Is Bliss	E minor (9A)	104
Tame Impala Jeremy's Storm	Eb major (5B)	128
Tame Impala Expectation	F major (7B)	140
Tame Impala Expectation	F major (7B)	140
Tame Impala The Bold Arrow Of Time	C major (8B)	123
Tame Impala Runway, Houses, City, Clouds	Eb major (5B)	119
Tame Impala The Bold Arrow Of Time	C major (8B)	123
Tame Impala I Don't Really Mind	F# major (2B)	137
Tame Impala Runway, Houses, City, Clouds	Eb major (5B)	119
The Sneaker Scatterbomb (String Mix)	G major (9B)	118
Tame Impala I Don't Really Mind	F# major (2B)	137
The Sneaker Scatterbomb (String Mix)	G major (9B)	118
The Sneaker Scatterbomb (Trance Mix)	C major (8B)	137
The Sneaker Scatterbomb (Trance Mix)	C major (8B)	137
Manmademan Lunar Lammas	G# minor (1A)	138
Manmademan Lunar Lammas	G# minor (1A)	138
Manmademan CircleMakers	Ab major (4B)	92
Manmademan CircleMakers	Ab major (4B)	92
Manmademan Breathless	D major (10B)	81
Manmademan Bad Seed	A major (11B)	143
Manmademan Breathless	D major (10B)	81
Manmademan 1920	G major (9B)	98
Manmademan Bad Seed	A major (11B)	143
Manmademan Won't Belong	F major (7B)	80
Manmademan 1920	G major (9B)	98
Scott Allen Wicked Ones	A# minor (3A)	174
Manmademan Won't Belong	F major (7B)	80
Scott Allen & Deeper Connection Zion Dub	C# minor (12A)	88
Scott Allen Wicked Ones	A# minor (3A)	174
Scott Allen & Deeper Connection Zion Dub	C# minor (12A)	88
Serial Killaz Mash You Down	A major (11B)	176
Serial Killaz Mash You Down	A major (11B)	176
Serial Killaz Live From Studio 1	C# minor (12A)	176
Serial Killaz Live From Studio 1	C# minor (12A)	176
Nirvana About A Girl	F# minor (11A)	132
Nirvana Jesus Doesn't Want Me For A Sunbeam	Ab major (4B)	114
Nirvana Oh Me	Ab major (4B)	72
Nirvana Plateau	E major (12B)	85
Nirvana Lake Of Fire	C# minor (12A)	145
Nirvana Oh Me	Ab major (4B)	72
Nirvana All Apologies	C# major (3B)	113
Nirvana Lake Of Fire	C# minor (12A)	145
Nirvana Where Did You Sleep Last Night	Eb major (5B)	109
Nirvana All Apologies	C# major (3B)	113
Nirvana Where Did You Sleep Last Night	Eb major (5B)	109
Filteria Dog Days Bliss	Ab major (4B)	144
Filteria Dog Days Bliss	Ab major (4B)	144
Triquetra Voyager	F# major (2B)	99
Triquetra Voyager	F# major (2B)	99
Agneton 1001 Nights	D major (10B)	152
The Congos Can't Come In	C# major (3B)	142
The Congos La La Bam-Bam	F# major (2B)	125
The Congos Sodom & Gomorrow	C major (8B)	126
The Congos Can't Come In	C# major (3B)	142
The Congos The Wrong Thing	A minor (8A)	136
The Congos Sodom & Gomorrow	C major (8B)	126
The Congos Ark Of Covenant	E minor (9A)	82
The Congos The Wrong Thing	A minor (8A)	136
The Congos Ark Of Covenant	E minor (9A)	82
The Congos Solid Foundation	C major (8B)	136
The Congos Solid Foundation	C major (8B)	136
UB40 Tyler	A minor (8A)	133
UB40 I Think It's Going To Rain Today	Bb major (6B)	136
UB40 I Think It's Going To Rain Today	Bb major (6B)	136
UB40 25%	C minor (5A)	132
UB40 25%	C minor (5A)	132
UB40 Food For Thought	G major (9B)	131
UB40 Food For Thought	G major (9B)	131
UB40 Little By Little	G minor (6A)	138
UB40 Little By Little	G minor (6A)	137
UB40 Signing Off	B minor (10A)	95
UB40 Signing Off	B minor (10A)	95
UB40 Madam Medusa	G# minor (1A)	141
UB40 Madam Medusa	G# minor (1A)	141
UB40 Strange Fruit	B minor (10A)	134
UB40 Strange Fruit	B minor (10A)	134
UB40 Reefer Madness	A minor (8A)	101
UB40 Reefer Madness	A minor (8A)	101
Jacob Miller Keep On Knocking	D major (10B)	137
Jacob Miller Keep On Knocking	D major (10B)	137
Jacob Miller Knocking Version	B minor (10A)	139
Jacob Miller Knocking Version	B minor (10A)	139
Jacob Miller Each One Teach One	C major (8B)	133
Jacob Miller Each One Teach One	C major (8B)	133
Jacob Miller Each One Teach One Version	F minor (4A)	93
Jacob Miller Each One Teach One Version	F minor (4A)	93
Jacob Miller Girl Name Pat	Ab major (4B)	138
Jacob Miller Girl Name Pat Version	Ab major (4B)	138
Pink Floyd The Happiest Days Of Our Lives	A minor (8A)	104
Pink Floyd Another Brick In The Wall Part 1	C major (8B)	100
Pink Floyd Another Brick In The Wall Part 2	C major (8B)	104
Pink Floyd The Happiest Days Of Our Lives	A minor (8A)	104
Pink Floyd Mother	G major (9B)	135
Pink Floyd Another Brick In The Wall Part 2	C major (8B)	104
Pink Floyd Is There Anybody Out There?	A minor (8A)	119
Pink Floyd Hey You	C major (8B)	112
Pink Floyd Nobody Home	C major (8B)	207
Pink Floyd Is There Anybody Out There?	A minor (8A)	119
Pink Floyd Vera	E minor (9A)	35
Pink Floyd Nobody Home	C major (8B)	207
Pink Floyd Bring The Boys Back Home	C major (8B)	158
Pink Floyd Vera	E minor (9A)	35
Pink Floyd Comfortably Numb	B minor (10A)	127
Pink Floyd Bring The Boys Back Home	C major (8B)	158
Pink Floyd The Show Must Go On	G major (9B)	129
Pink Floyd Comfortably Numb	B minor (10A)	127
Pink Floyd The Trial	E minor (9A)	77
Pink Floyd Outside The Wall	C major (8B)	133
Pink Floyd Outside The Wall	C major (8B)	133
Pink Floyd Speak To Me	C# major (3B)	120
Pink Floyd Speak To Me	C# major (3B)	120
Pink Floyd Breathe	B minor (10A)	128
King Gizzard & The Lizard Wizard The River	E major (12B)	129
King Gizzard & The Lizard Wizard Infinite Rise	A minor (8A)	95
King Gizzard & The Lizard Wizard God Is In The Rhythm	E major (12B)	143
Yann Tiersen Cascade Street	C# minor (12A)	110
John Rowe Up A Height	F# minor (11A)	103
Yann Tiersen Not That Simple	G major (9B)	180
Manarchy Dirt Bomb	B minor (10A)	112
Yann Tiersen Summer Nursery Rhyme No. 2	E minor (9A)	124
Suibom Serum Feat. Kranium Filtron AMP VAR	C# major (3B)	100
Yann Tiersen Summer Nursery Rhyme No. 3	G major (9B)	117
Odic Force Moonlight Acid	E minor (9A)	124
Steely Dan Home At Last	G minor (6A)	63
Steely Dan I Got The News	A minor (8A)	121
Steely Dan Josie	E minor (9A)	122
Tenastelin & King Alpha Rasta Mission	A minor (8A)	144
Tenastelin & King Alpha Rasta Mission (Dub 1)	A minor (8A)	144
Alpha & Omega Rasta Woman	A minor (8A)	147
Bluetech Triangle (Retriangulated)	G minor (6A)	176
Bluetech Rubicon	E minor (9A)	92
Bluetech Prayers For Rain (Dub Mix)	A minor (8A)	156
Bluetech White Magnesia	G minor (6A)	106
Simon & Garfunkel Most Peculiar Man	C# major (3B)	65
Simon & Garfunkel April Come She Will	A major (11B)	102
Simon & Garfunkel We've Got A Groovey Thing Goin'	C minor (5A)	94
Simon & Garfunkel I Am A Rock	C major (8B)	114
Chinese Man Pandi Groove	A# minor (3A)	127
Chinese Man Searching For The Space Monkey	B major (1B)	92
Chinese Man Eight Y Cinco	D major (10B)	170
Leo Le Bug Washington Square	Ab major (4B)	76
Chinese Man I've Got That Tune	E minor (9A)	90
Chinese Man, Leo Le Bug Indi Groove	F minor (4A)	144
Chinese Man Skank In The Air	G major (9B)	164
Chinese Man, Le Yan Artichaut	D# minor (2A)	204
Bob Marley And The Wailers Kinky Reggae	F major (7B)	139
Bob Marley And The Wailers Slave Driver	B minor (10A)	136
Bob Marley And The Wailers Stir It Up	A major (11B)	150
Bob Marley And The Wailers 400 Years	G minor (6A)	146
Cut & Run Outta Space (Booty Space Mix)	F minor (4A)	120
Santana Coconut Grove	C major (8B)	119
Gaudi With Dennis Bovell Secret Service Dub	B minor (10A)	137
Gaudi With Mad Professor Future Sound Of Theremin	G major (9B)	110
Gaudi With Adrian Sherwood Butterfly Dub	B major (1B)	105
DJ Panik & M-Rode Truth & Rights	C# major (3B)	156
Ricky Tuff Feat. Dijeyow Herbalist	E minor (9A)	175
Run Tingz Cru Tempa	G major (9B)	88
Dijeyow & Jera Feel Good	G major (9B)	175
The Doors Alabama Song (Whisky Bar)	F major (7B)	171
The Doors Light My Fire	D# minor (2A)	125
The Doors Back Door Man	A major (11B)	177
The Doors I Looked At You	C major (8B)	149
The Doors End Of The Night	B minor (10A)	72
The Jimi Hendrix Experience Purple Haze	D major (10B)	109
The Jimi Hendrix Experience Foxey Lady	C# minor (12A)	98
St Germain Deep In It	Bb major (6B)	122
Tame Impala It Is Not Meant To Be	C major (8B)	102
Tame Impala Desire Be Desire Go	C# major (3B)	151
Tame Impala Alter Ego	C major (8B)	129
Tame Impala Lucidity	E major (12B)	147
Tame Impala Why Won't You Make Up Your Mind?	F major (7B)	129
Nirvana Dumb	F# major (2B)	114
Nirvana Something In The Way	Ab major (4B)	105
Psilocybe Project Dream Shaper	A major (11B)	145
DJ Jape du Marie & Jack Wax Rise Above This	C minor (5A)	126
Shivax Supernatural	C# major (3B)	145
The Congos Fisherman	E minor (9A)	174
The Congos Congoman	A# minor (3A)	100
The Congos Open Up The Gate	A minor (8A)	135
The Congos Children Crying	Ab major (4B)	140
UB40 King	Ab major (4B)	102
UB40 12 Bar	C major (8B)	139
UB40 Burden Of Shame	B minor (10A)	152
UB40 Adella	C major (8B)	136
Jacob Miller False Rasta	A# minor (3A)	123
Jacob Miller Hungry Town Scanc	F minor (4A)	102
Jacob Miller Who Say Jah No Dread	B minor (10A)	77
Jacob Miller Jah Dread	B minor (10A)	77
Clint Eastwood & General Saint Stop That Train	F# minor (11A)	173
Clint Eastwood & General Saint Monkey Man	A minor (8A)	153
Gunmen Chant Down Babylon	E minor (9A)	176
Gunmen Steppin Razor	G major (9B)	179
Gunmen Another Hit Song	G major (9B)	176
Gunmen Girls	C# major (3B)	176
Pink Floyd Empty Spaces	B major (1B)	96
Pink Floyd Young Lust	B minor (10A)	95
Pink Floyd One Of My Turns	C major (8B)	176
Pink Floyd Don't Leave Me Now	A minor (8A)	124
Pink Floyd Another Brick In The Wall Part 3	C major (8B)	104
Pink Floyd Goodbye Cruel World	D major (10B)	103
Pink Floyd In The Flesh	A major (11B)	151
Pink Floyd Run Like Hell	A major (11B)	117
Pink Floyd Waiting For The Worms	G major (9B)	76
Pink Floyd Stop	A minor (8A)	76
Pink Floyd On The Run	A major (11B)	165
Pink Floyd Time	A major (11B)	120
Bonecrusher vs. Sizzla Solid As A Rock (Breaks Mix)	A minor (8A)	132
Bonecrusher vs. Sizzla Solid As A Rock (DnB Mix)	A minor (8A)	132
Yann Tiersen The Room	A# minor (3A)	122
Yann Tiersen Introductory Movement	C major (8B)	106
Yann Tiersen The Mute Girl	G major (9B)	94
Yann Tiersen The Old Man Still Wants It	E major (12B)	124
Yann Tiersen Still Here	E minor (9A)	125
Indica Dubs Meets Shiloh Ites A New Flower (Dub Mix 3)	G# minor (1A)	128
Indica Dubs Meets Shiloh Ites A New Flower (Dub Mix 4)	G# minor (1A)	128
Wickaman & J.Majik Cassanova	Ab major (4B)	99
J.Majik & Wickaman C-Style	B minor (10A)	128
Capleton Prophet Rides Again (Extended Mix)	F# minor (11A)	87
Capleton Prophet Rides Again (Jungle Rmx)	F# minor (11A)	87
MJ12 Cosmic Watergate	G# minor (1A)	138
MJ12 Recovered Technologies	B minor (10A)	119
E-Z Rollers Skaface	C# major (3B)	177
E-Z Rollers So Good Tonight	C major (8B)	178
Mikkim Rub A Dub Rock	D major (10B)	177
Mikkim Rub A Dub Rock Instrumental	D major (10B)	177
Mikkim Break The Chains	E minor (9A)	175
Daddy Teacha & Uptones No More War	F minor (4A)	75
Daddy Teacha Mother Of All Versions	A major (11B)	142
Irie Ilodica Can't School Me Dub	C# minor (12A)	110
Irie Ilodica Don't Judge Verse 1	E minor (9A)	156
Irie Ilodica Don't Judge Verse 3	B minor (10A)	144
Irie Ilodica Save The Tree Verse 1	A major (11B)	120
Irie Ilodica Save The Tree Verse 3	D# minor (2A)	89
Irie Ilodica Blazin Verse 1	B minor (10A)	126
Irie Ilodica Blazin Verse 3	B minor (10A)	126
Irie Ilodica Dreadwise Verse 1	C major (8B)	92
Dirty Dubsters Feat. Top Cat Girls Pon Mi Mind (Original Mix)	A# minor (3A)	128
Dirty Dubsters Feat. Top Cat Girls Pon Mi Mind (LionDub Remix)	Bb major (6B)	178
Dirty Dubsters Feat. Top Cat Girls Pon Mi Mind (Spenda C Remix)	F# major (2B)	112
Burning Spear Marcus Garvey	G minor (6A)	92
Burning Spear Slavery Days	Bb major (6B)	143
Burning Spear The Invasion	A minor (8A)	147
Burning Spear Live Good	F major (7B)	73
Burning Spear Give Me	C major (8B)	134
Burning Spear Old Marcus Garvey	C major (8B)	129
Burning Spear Tradition	C# major (3B)	155
Burning Spear Jordan River	C# major (3B)	152
Burning Spear Red, Gold And Green	G major (9B)	148
Burning Spear Resting Place	C# major (3B)	76
Mumford & Sons Sigh No More	C major (8B)	148
Mumford & Sons The Cave	E major (12B)	142
Mumford & Sons Winter WInds	G major (9B)	84
Mumford & Sons Roll Away Your Stone	E major (12B)	137
Mumford & Sons White Blank Page	F# minor (11A)	124
Mumford & Sons I Gave You All	D minor (7A)	115
Mumford & Sons Little Lion Man	F major (7B)	139
Mumford & Sons Timshel	F major (7B)	83
Mumford & Sons Thistle & Weeds	D minor (7A)	175
Mumford & Sons Awake My Soul	D major (10B)	87
Mumford & Sons Dust Bowl Dance	F minor (4A)	115
Mumford & Sons After The Storm	G major (9B)	152
Johnny Clarke No Lick No Dub	F# major (2B)	126
Don Carlos Bosrock Dub	D major (10B)	78
King Tubby Take 5 Dub	Ab major (4B)	159
Locksley Castell Some Good Dub	A major (11B)	172
Leroy Smart Mr Rich Dub	C# major (3B)	134
Cornell Campbell Why Dub In Spring	F major (7B)	110
Tappa Zukie Dub Slave	F# minor (11A)	78
Horace Andy Start All Over Over Dub	Eb major (5B)	146
Don Carlos Big Mouth Dub	G major (9B)	140
The Aggrovators Dub Turn Back	A minor (8A)	95
King Tubby Upper 1st Street Dub	C# major (3B)	130
Ronnie Davis Dubbing You	A major (11B)	114
Pale Grey Billy	Bb major (6B)	150
Pale Grey Hunter	C# major (3B)	140
Pale Grey Loss	F minor (4A)	100
Pale Grey Grace	C# major (3B)	115
Pale Grey Late Night	A minor (8A)	92
Pale Grey Ghost	F minor (4A)	102
Pale Grey Blizzard	Ab major (4B)	106
Pale Grey Light	C major (8B)	64
Pale Grey Crow	A minor (8A)	150
Pale Grey Seasons	G minor (6A)	135
Pale Grey Wave	D major (10B)	112
The Wildlife Collective Sugar Me	Bb major (6B)	113
The Wildlife Collective Wadodem	G# minor (1A)	114
The Wildlife Collective No No No (You Don't Love Me)	G major (9B)	81
The Wildlife Collective Hail Up The Lion	G major (9B)	176
The Wildlife Collective Ragga Tip (Walk And Skank)	C# major (3B)	103
The Wildlife Collective Ragga Muffin	F# minor (11A)	151
The Wildlife Collective I Need A Dollar	F# minor (11A)	95
The Wildlife Collective Bad Bwoy	Bb major (6B)	113
Deekline and Ed Solo King Of The Bongo	G major (9B)	130
Deekline and Ed Solo Stickybuds Guaranteed	A# minor (3A)	176
Ed Solo and Deekline Sensi	B minor (10A)	87
Ed Solo and Deekline Ghost Town	G major (9B)	175
Ed Solo and Deekline Man Down	F minor (4A)	175
Ed Solo and Deekline Untold	F major (7B)	175
Sara Lugo ft. Protoje Really Like You (Jamie Bostron Remix)	F major (7B)	170
Sizzla I'm Living (Ed Solo & Stickybuds Remix)	B major (1B)	88
Ed Solo And Deekline Bad Boys (Benny Page Remix)	D major (10B)	105
Deekline Featuring Tippa Irie Pass Me The Dubplate (Benny Page Remix)	A# minor (3A)	175
Deekline And Ed Solo Paella / Blaze It Up	F# minor (11A)	88
RackNRuin Soundclash (Deekline & Ed Solo Rmx)	F major (7B)	77
Cain.1 and Wakcutt Night Nurse	D major (10B)	173
Slynk Bad Duppy Walk	A# minor (3A)	174
JFB Five On It	A# minor (3A)	174
Ed Solo Here I Come	E minor (9A)	175
Ed Solo Ganja Smuggling	A# minor (3A)	88
DJ Deekline & Ed Solo, Specimen A Have Some Fun (Club Mix)	C# minor (12A)	175
DJ Deekline & Ed Solo, Specimen A Let The Music Play	F major (7B)	98
Deekline & Ed Solo Bad Boys (Ben Snow & Jappa Remix)	E minor (9A)	88
Deekline & Ed Solo Bam Bam (Benny Page & Deekline Remix)	F major (7B)	88
Brian Brainstorm Footwork Skank	C# major (3B)	175
Brian Brainstorm Gunshot	A major (11B)	176
Zound & Ku We Got The Sound (Zound & Ku Remix)	F# major (2B)	200
DJ Dubb Hollow Earth	Ab major (4B)	125
DJ Dubb I'm A Versionist	C# major (3B)	170
Vandal Fyah Burn	D major (10B)	137
The DSC Haffi Get Gal	C major (8B)	82
Danger Marc Paradise	E major (12B)	78
Mandidextrous & Vandal Gals Dem Sugar	C# major (3B)	95
Vandal Run Off Ya Mouth	B minor (10A)	80
Suburbass Swing My Brain	B minor (10A)	185
Vandal & Radium Fatty Fatty	F# minor (11A)	98
Vandal Ghetto Thief	G major (9B)	187
Vandal Infiltrate	C# major (3B)	191
Vandal & Demolition Man Fire 2016	D major (10B)	174
Vandal & Shaggy Sweat Trough The Night	D major (10B)	96
Vandal & C3B Get Back	F# minor (11A)	184
Vandal & Beenie Man More Fire	B minor (10A)	102
Serial Killaz My Sound A Champion	B major (1B)	93
Serial Killaz Walk Like A Champion	E minor (9A)	180
Serial Killaz Worries Inna Dance (Revival Mix)	C# major (3B)	100
Serial Killaz Worries Inna Dance (Rockers Mix)	D minor (7A)	112
Serial Killaz Walk & Skank	D major (10B)	176
Serial Killaz Put It On	C# major (3B)	176
Kraftwerk Geiger Counter	A# minor (3A)	210
Kraftwerk Radioactivity	A minor (8A)	122
Kraftwerk Radioland	B major (1B)	78
Kraftwerk Airwaves	F minor (4A)	154
Kraftwerk Intermission	F minor (4A)	63
Kraftwerk News	C# major (3B)	105
Kraftwerk The Voice Of Energy	A# minor (3A)	68
Kraftwerk Antenna	D major (10B)	144
Kraftwerk Radio Stars	F# major (2B)	119
Kraftwerk Uranium	C# minor (12A)	91
Kraftwerk Transistor	C# major (3B)	110
Kraftwerk Ohm Sweet Ohm	Ab major (4B)	114
Kraftwerk Europe Endless	B major (1B)	110
Kraftwerk The Hall Of Mirrors	E major (12B)	189
Kraftwerk Showroom Dummies	C minor (5A)	125
Kraftwerk Trans Europe Express	C# major (3B)	108
Kraftwerk Metal On Metal	A# minor (3A)	107
Kraftwerk Abzug	C# major (3B)	107
Kraftwerk Franz Schubert	D major (10B)	112
Kraftwerk Endless Endless	G major (9B)	111
Kraftwerk Mitternacht	D major (10B)	108
Kraftwerk Morgenspaziergang	E minor (9A)	68
Terry T Jahoviah Ina Dub	E minor (9A)	98
Terry T Only You	A# minor (3A)	73
Demolition Man Fire (Serial Killaz Remix)	E minor (9A)	154
Demolition Man Fire (Kenny Ken & Mace Remix)	C# major (3B)	175
O.B.F. & Mr Williamz Mandela (Tribute To The Freedom Fighter) (Krak In Dub Rmx)	G major (9B)	140
Skinshape Sua Alma	F major (7B)	103
Skinshape In The End	Eb major (5B)	138
Skinshape Afande	F minor (4A)	170
Skinshape Kourou	D minor (7A)	90
Skinshape Lehin Ti Aye Ba Iku	A major (11B)	131
Visionary You Can't Surrender	B minor (10A)	158
Visionary I Know A Girl	G major (9B)	123
Ghetto Fabulous Oh Natty	C# minor (12A)	92
Dub Street Skankin' Dub	G major (9B)	164
Vibronics Rastaman's Story	Bb major (6B)	139
Vibronics Dub Advance	G major (9B)	125
Vibronics Jah Music	E minor (9A)	125
Vibronics Jah Dub	B minor (10A)	125
Vibronics Samsara	C# major (3B)	126
Vibronics Vintage Dub	A major (11B)	77
Vibronics Positive Direction	G# minor (1A)	77
Vibronics On Jah Side	A minor (8A)	135
Vibronics On Jah Dub	C major (8B)	135
Vibronics Mother Earth	B minor (10A)	125
Alpha & Omega Many Stories To Be Told	C# minor (12A)	121
Alpha & Omega vs The Disciples Jah Is Calling	B minor (10A)	131
Demolition Man & Krak In Dub Slow Motion	C major (8B)	174
Demolition Man & Krak In Dub Motion Dub	C minor (5A)	92
Prānā Scarab	C# major (3B)	145
Prānā Pneumatic	G major (9B)	144
Prānā Kiba	B major (1B)	143
Prānā Starchild	A minor (8A)	145
Kailash Higher (Original)	C# major (3B)	142
Kailash Higher (Bamboo Mix)	Ab major (4B)	180
Rotatum Phaze Din	Eb major (5B)	170
Rotatum Phaze Dub	C# major (3B)	98
Fak Scratch, Mooncat Ready Or Not	E minor (9A)	175
Kursiva, Mooncat Wissen	A# minor (3A)	174
Sky Distortion 2 Psychic Orient	Bb major (6B)	122
Sky Distortion 2 Sin Gravity	A# minor (3A)	198
Tame Impala Be Above It	E minor (9A)	119
Tame Impala Endors Toi	Eb major (5B)	129
Radikal Guru Spaced Out	D major (10B)	140
Radikal Guru Subconscious	G major (9B)	158
Prince Jammy Throne Of Blood	G minor (6A)	127
Prince Jammy Brothers Of The Blade	A major (11B)	129
Prince Jammy Shoalin Temple	B major (1B)	142
Prince Jammy Kamikazi	B major (1B)	133
Prince Jammy Oragami Black Belt	G minor (6A)	135
Prince Jammy Fist Of Fury	B minor (10A)	135
Prince Jammy Opium Den	C# minor (12A)	131
Prince Jammy Swords Of Vengeance	G major (9B)	131
Prince Jammy Downtown Shanghai Rock	D major (10B)	123
Prince Jammy Waterfront Gang War	B major (1B)	131
Pablo Moses Proverbs Extractions	C major (8B)	139
Pablo Moses It's A Trick	G major (9B)	76
Pablo Moses Pave The Way	Eb major (5B)	158
Pablo Moses I See It Everyday	F# major (2B)	130
Pablo Moses Sister	E major (12B)	113
MGMT Time To Pretend	D major (10B)	101
MGMT Weekend Wars	F major (7B)	77
MGMT The Youth	F major (7B)	111
MGMT Electric Feel	C# major (3B)	103
MGMT Kids	A major (11B)	123
MGMT 4th Dimensional Transition	A major (11B)	160
MGMT Pieces Of What	E minor (9A)	108
Moby South Side	E major (12B)	97
Moby Rushing	G major (9B)	170
Moby Bodyrock	F# minor (11A)	108
Moby Natural Blues	D# minor (2A)	108
Moby Machete	F# minor (11A)	134
Moby 7	B minor (10A)	89
Moby Run On	B major (1B)	97
Moby Down Slow	E major (12B)	82
Moby The Sky Is Broken	E minor (9A)	82
Moby My Weakness	E major (12B)	85
Tippa Irie Wicked & Wild (Dancehall Style)	B minor (10A)	100
Million Stylez Police In Helicopter (Frisk Mix)	D major (10B)	120
YT, Million Stylez, Tenor Fly, Blackout Ja & Mr Williamz Dubplate (Benny Page Remix)	C major (8B)	132
YT, Million Stylez, Tenor Fly, Blackout Ja & Mr Williamz Dubplate (Benny Page Dub)	G# minor (1A)	172
Turntable Dubbers I Say Yeah	D major (10B)	105
Turntable Dubbers Rasta Be Good	B minor (10A)	115
Viniselecta & U Stone Computer Dub	A minor (8A)	140
Viniselecta & U Stone Stone In My Heart	Bb major (6B)	137
Dj Panik & M-Rode 18 & Over	C# major (3B)	156
Dj Panik & M-Rode Shine Eyes Girl	C# major (3B)	131
Viniselecta and U Stone Feat. Jah Call Bless I	Ab major (4B)	89
Viniselecta and U Stone Feat. Jah Call Bless I (Dub Mix)	A# minor (3A)	125
UK Apache Concrete Jungle (Hip Hop Mix)	D major (10B)	135
Anetha Dishinibition	B major (1B)	144
Anetha Return Ticket	B minor (10A)	135
Cadency In Your Mind	C major (8B)	134
Spoonbill, Eastward Skyview	G major (9B)	160
Spoonbill Menagerie	C major (8B)	79
Spoonbill Coolabah	F minor (4A)	100
Spoonbill Chewy Onya Boot	F minor (4A)	93
Spoonbill Nodding Greenhood	A minor (8A)	82
Isaac Maya Another Meditation	C# minor (12A)	125
Fuzzy Logic Double Barrel	E major (12B)	147
Fuzzy Logic Spice Invader	F major (7B)	75
Makom.Rion / Mahom Long River	Bb major (6B)	82
Makom.Rion / Mahom Long River (Vibronics Remix)	G minor (6A)	110
Otmane Laamari / Mahom Mektoub	G major (9B)	138
Don Fe / Mahom Nay El Mektoub	G major (9B)	138
Ott A Load Up At Nunney Catch	E major (12B)	142
Ott Daisies And Rubies	A minor (8A)	126
Ott Signals From Bob	C# major (3B)	142
Ott 382 Seaside	D major (10B)	180
Ott Roflcopter	G# minor (1A)	137
Ott A Shower Of Sparks	E minor (9A)	115
Ott One Day I Wish To Have This Kind Of Time	F major (7B)	136
Ott Adrift In Hilbert Space	D major (10B)	140
Ott Owl Stretching Time	F# minor (11A)	146
Ott Squirrel And Biscuits	G major (9B)	170
Ott The Bicycle Of The Sky	E minor (9A)	103
Ott Ship Is Not A Child	G major (9B)	138
Gorillaz Intro	Bb major (6B)	135
Gorillaz Last Living Souls	A minor (8A)	137
Gorillaz O Green World	C major (8B)	123
Gorillaz Dirty Harry	A# minor (3A)	192
Gorillaz Feel Good Inc.	F# major (2B)	139
Gorillaz El Mañana	A minor (8A)	132
Gorillaz Every Planet We Reach Is Dead	E minor (9A)	88
Gorillaz Left Hand Suzuki Method	C# major (3B)	94
Gorillaz 19-2000 (The Wiseguys House Of Wisdom Remix)	F minor (4A)	130
Gorillaz Re-Hash	G major (9B)	100
Gorillaz 5/4	C major (8B)	96
Gorillaz Tomorrow Comes Today	F# major (2B)	93
Gorillaz New Genious (Brother)	G major (9B)	169
Gorillaz Clint Eastwood	A# minor (3A)	168
Gorillaz Man Research (Clapper)	G# minor (1A)	96
Gorillaz Punk	Ab major (4B)	154
Gorillaz Sound Check (Gravity)	G major (9B)	82
Gorillaz Double Bass	Ab major (4B)	165
Gorillaz Rock The House (Rock Da House)	D major (10B)	172
Gorillaz 19-2000	G major (9B)	90
Gorillaz Latin Simone (Que Pasa Contigo)	F# major (2B)	173
Danny Red Don Gorgon	A# minor (3A)	138
Boombastic Crew Gorgon Dub	D major (10B)	90
Mindfield Let's Get Stoned And Watch The Freaks	C major (8B)	142
Mindfield Green Worm	G major (9B)	147
Pink Floyd Cluster One	C major (8B)	104
Pink Floyd What Do You Want From Me	E major (12B)	104
Pink Floyd Poles Apart	G major (9B)	61
Pink Floyd Marooned	G major (9B)	74
Pink Floyd A Great Day For Freedom	C major (8B)	84
Pink Floyd Wearing The Inside Out	Bb major (6B)	122
Pink Floyd Take It Back	G major (9B)	112
Pink Floyd Coming Back To Life	C major (8B)	176
Pink Floyd Keep Talking	E minor (9A)	100
Pink Floyd Lost For Words	C major (8B)	96
Pink Floyd High Hopes	C minor (5A)	75
Pink Floyd One Of These Days	E major (12B)	104
Pink Floyd A Pillow Of Winds	A major (11B)	143
Pink Floyd Fearless	G major (9B)	144
Pink Floyd San Tropez	C major (8B)	122
Pink Floyd Seamus	D major (10B)	72
Pink Floyd Echoes	F# minor (11A)	134
Pink Floyd Welcome To The Machine	C major (8B)	133
Pink Floyd Have A Cigar	E minor (9A)	120
Pink Floyd Wish You Were Here	G major (9B)	123
Pink Floyd Pigs On The Wing (Part One)	G major (9B)	126
Pink Floyd Dogs	D minor (7A)	109
Pink Floyd Pigs (Three Different Ones)	E minor (9A)	129
Pink Floyd Sheep	A minor (8A)	135
Pink Floyd Pigs On The Wing (Part Two)	G major (9B)	126
Atlas Compass Error (Fluke Remix)	G major (9B)	170
Atlas Compass Error (Menace Remix)	G major (9B)	170
Cream Strange Brew	D major (10B)	106
Cream Sunshine Of Your Love	D major (10B)	115
Cream Tales Of Brave Ulysses	C minor (5A)	106
Cream Outside Woman Blues	A major (11B)	113
Cream Take It Back	D major (10B)	121
Cream Mother's Lament	G major (9B)	95
Guelewars Band Of Banjul Tasito	F# minor (11A)	147
Guelewars Band Of Banjul Honda	F# minor (11A)	147
Guelewars Band Of Banjul Wollou	C# minor (12A)	110
Guelewars Band Of Banjul Djaraama	Ab major (4B)	127
Guelewars Band Of Banjul Kele Fasane	C# major (3B)	101
Elysium Monzoon (Edit)	E major (12B)	69
Endora Joy	C# major (3B)	140
Nervasystem Donovan's Brain	G major (9B)	140
Nüw Idol CS Gas	C# minor (12A)	166
Syb Unity Nettwerk Life Support System (Mindscape Mix)	A# minor (3A)	98
Satori Liquid Sky	A# minor (3A)	124
Etnica Full On (Edit)	C# major (3B)	160
Shanti Druid Insect-A-Traction	B major (1B)	140
Krafty Kuts & Featurecast Monkey Dance	F major (7B)	128
Dope Ammo & Run Tingz Cru Featuring Virgo Don Time Fi Dance	C minor (5A)	105
Kursiva Featuring Jahba & Clasiko High Vibes	A minor (8A)	92
Isaac Maya Featuring Blackout J.a. Baba Boom	C minor (5A)	90
La Phaze Jungleman	E minor (9A)	171
DJ Dee Kline Pass Me The Rizzla	C minor (5A)	106
Phibes Paper Planes	G minor (6A)	128
Kursiva Give It To Me	G major (9B)	176
Chopstick Dubplate, Mr Williamz, Dope Ammo Girls Dem Dada	G major (9B)	175
Dub Pistols, Turntable Dubbers Rock Steady	G major (9B)	88
Naâman, Cutty Ranks, Stevens Kbosh Rebel for life	Ab major (4B)	175
Rulo Smoka Jailhouse Rock Remix	A# minor (3A)	154
Bad Joke Flashback	C# minor (12A)	79
Dreadsquad Featuring Skarra Mucci, Mandinka Warrior & Alex Hudson Me Want	F minor (4A)	70
U.Stone, Vini Selecta, Fu-Steps Blaze Up Di Fire (Dj Panik Remix)	B minor (10A)	90
Isaac Maya, Nfunk I Was Born In The Ghetto	C major (8B)	171
Freestylers & StereoType Featuring Takura The Coming Storm (Ed Solo Remix)	F major (7B)	126
Protoje Feat Chronixx Who Knows (Turntable Dubbers Remix)	F minor (4A)	81
Isaac Maya Feat. Biga Ranx King Of Jungle	F minor (4A)	66
MCD Feat. Ragga Twins & Myesha Alright (Benny Page Remix)	G# minor (1A)	90
Le Peuple De L'Herbe, UK Apachi, Aphrodite No Escape	B major (1B)	172
Tomawok, Kursiva Party Time	C# major (3B)	178
Tomawok, Benny Page My Sound	G major (9B)	89
Isaac Maya, Ranking Diximal Bad Inna Dance	E minor (9A)	85
Biscuit Boys Intergalactic (Prisoners Of Technology TMS 1 Remix)	D major (10B)	106
Fatboy Fat Rockafeller Skank (Mulders Urban Takeover Mix)	G major (9B)	175
Visionary Feat. Camp Souljah Ganja Fire	C# major (3B)	140
Aries Herbsmoke (Visionary Remix)	G major (9B)	90
Miltatek Raggatek Fayah Burn	G# minor (1A)	196
Gunmen Messed Up	B minor (10A)	174
Pixel Jungle On Broadway	E major (12B)	175
Pixel Steppin' (Rollers RMX)	G major (9B)	180
Pixel Ice Cream Sound	D major (10B)	173
Pixel World A Jungle Music	D major (10B)	175
Pixel Legalize it!	C major (8B)	145
Mystic Pulse Herbalist	E minor (9A)	175
Mystic Pulse Call Di Doctor	D major (10B)	176
Gunmen Running Over	C# major (3B)	88
Pixel Soundclash	C# major (3B)	87
Gunmen Teach	E minor (9A)	176
Gunmen Warning	D major (10B)	175
Gunmen My Sound	B major (1B)	175
Mystic Pulse Burn Them	C# minor (12A)	173
Mystic Pulse Strictly Rubadub	B major (1B)	170
Scott Allen & Deeper Connection River Jordan	G# minor (1A)	176
Scott Allen & Deeper Connection We Nah Run	Ab major (4B)	90
Scott Allen, Pixel Jah Is Coming	D minor (7A)	180
Scott Allen, Pixel Babylon Fall	Bb major (6B)	153
Mystic Pulse Babylon Pressure	F# major (2B)	174
Gunmen The Sound	D major (10B)	175
Pixel Boom Bey Bey	G major (9B)	124
Pixel Hank Marvin	B minor (10A)	140
Pixel Get Mash Up	G major (9B)	180
Pixel Armed & Dangerous	C# major (3B)	188
Unknown Artist Rastafari Army	B minor (10A)	97
Unknown Artist Rich Man Dub	G# minor (1A)	120
Lou Reed Vicious	D major (10B)	124
Lou Reed Andy's Chest	C major (8B)	79
Wu-Tang Clan Shame On A Nigga	C# major (3B)	100
Wu-Tang Clan Clan In Da Front	F# major (2B)	96
Wu-Tang Clan Wu-Tang: 7th Chamber	F# major (2B)	92
Wu-Tang Clan Can It Be All So Simple	A minor (8A)	92
Wu-Tang Clan Protect Ya Neck (Intermission)	G# minor (1A)	102
Wu-Tang Clan Da Mystery Of Chessboxin'	D major (10B)	105
Wu-Tang Clan Wu-Tang Clan Ain't Nuthing Ta F' Wit	C# major (3B)	99
Wu-Tang Clan C.R.E.A.M.	B minor (10A)	181
Wu-Tang Clan Method Man	B minor (10A)	102
Wu-Tang Clan Tearz	G# minor (1A)	92
Wu-Tang Clan Wu-Tang: 7th Chamber - Part II	F# major (2B)	92
Skoobz Sound Clash (Mix 1)	G major (9B)	180
Skoobz Sound Clash (Mix 2)	C# major (3B)	98
Sensi T & Mr Zebre Travelling On The Riddim	C# minor (12A)	152
Sensi T & Mr Zebre Travelling  Dub	C# minor (12A)	110
Aries Brother & Sister	C# major (3B)	141
DJ Origin Warrior Chant	B major (1B)	90
NW2 Operation	A# minor (3A)	100
Aries Ala Bama	D major (10B)	121
Aries / Murda Ganja Farmer	G minor (6A)	95
Aries / Murda One Of The Days	G major (9B)	93
Barrington Levy & RCola Lost And Found	G major (9B)	170
RCola Warn Ya	A major (11B)	174
Top Cat Bunn The Sensi (Serial Killaz Remix)	C# major (3B)	176
Top Cat Bunn The Sensi (Heretic Remix)	Ab major (4B)	140
Heretic Heads High	G major (9B)	92
Murder Inc. Wings Of The Morning	B major (1B)	144
YT Born Inna Babylon (Run Tingz Remix)	E minor (9A)	175
YT Born Inna Babylon (Chopstick Remix)	E minor (9A)	175
Run Tingz Cru Feat. Blackout J.A. & K*Ners Run Tingz Cru (Original)	A# minor (3A)	130
Run Tingz Cru Feat. Blackout J.A. & K*Ners Aries (Jungle Mix)	C# major (3B)	120
Run Tingz Cru Feat. Blackout J.A. & K*Ners DJ/Clash Toolz	B minor (10A)	100
UK Apache Vs MC Spyda Nuttah Story	F minor (4A)	180
UK Apache Vs MC Spyda Back In The Day	D major (10B)	119
Jah Marnyah Tralalalala	A# minor (3A)	139
Vibronics Tralalalala (Version)	F# major (2B)	139
Jah Marnyah Dirty Babylon	D major (10B)	98
Vibronics Dirty Babylon (Version)	B minor (10A)	150
Nia Songbird All Sisters Unite	G major (9B)	120
Nish Wadada Each One Teach One	A# minor (3A)	140
Boney L Rise Up	F major (7B)	98
Vanya O One Dub Nation	C# minor (12A)	110
Trilla Jenna Ghetto Yout Nah Give Up	B major (1B)	115
Saralène More Love	A minor (8A)	141
Sis I-Leen Peaceful Warriors	C major (8B)	172
Nãnci Correia Woman Is Divine	C# minor (12A)	98
Vibronics History Dub	C# minor (12A)	140
Vibronics History Dub (Version)	C# minor (12A)	140
Vibronics Feat. Professa Natti R.A.S.T.A.F.A.R.I.	C# major (3B)	170
Vibronics Feat. Professa Natti R.A.S.T.A.F.A.R.I. Version	C# major (3B)	170
Vibronics Feat. Michael Prophet Searching For Jah	B minor (10A)	119
Vibronics Searching For Jah (Version)	Eb major (5B)	139
Mungo's HiFi Divorce A L'Italienne	D# minor (2A)	124
Mungo's HiFi Don't Let Them Break Your Heart	C major (8B)	172
Mungo's HiFi Herbalist	B minor (10A)	90
Mungo's HiFi Herbalist Dub	B minor (10A)	90
Mungo's HiFi How You Bad So	E minor (9A)	78
Mungo's HiFi Under Arrest	C# major (3B)	98
Mungo's HiFi Old Time Dance	G major (9B)	161
Mungo's HiFi Old Time Dub	G major (9B)	161
Mungo's HiFi Ruff Mi Tuff	Ab major (4B)	80
Mungo's HiFi Rasta Meditation	C major (8B)	145
Mungo's HiFi Rooster Inna Coup	G minor (6A)	120
Mungo's HiFi Rooster Dub	F minor (4A)	170
Mungo's HiFi Songs Of Zion	C minor (5A)	160
Mungo's HiFi Did You Really Know	B minor (10A)	180
Mungo's HiFi Around The World	F# major (2B)	129
The War On Drugs An Ocean In Between The Waves	F major (7B)	167
The War On Drugs Disappearing	G# minor (1A)	108
The War On Drugs Eyes To The Wind	D major (10B)	117
The War On Drugs The Haunting Idle	A minor (8A)	64
The War On Drugs Burning	A major (11B)	155
Whitney Take Me Home, Country Roads	D major (10B)	80
Whitney High On A Rocky Ledge	F# major (2B)	99
Whitney Something Happen	B minor (10A)	84
Whitney Strange Overtones	D major (10B)	110
Whitney Hammond Song	Eb major (5B)	152
Whitney Crying, Laughing, Loving, Lying	G major (9B)	100
Whitney Rain	E minor (9A)	79
Whitney Rainbows & Ridges	Eb major (5B)	95
Serial Killaz In Your Eyes	C# major (3B)	176
Serial Killaz Lovely Woman	C# major (3B)	176
DJ Friction Led Astray	G minor (6A)	71
DJ Friction Vs Camo & Krooked Ft Dynamite MC Stand Up (Sigma Rmx)	C# major (3B)	110
Calibre & High Contrast Mr. Majestic	E minor (9A)	173
Calibre & High Contrast The Other Side	C# major (3B)	173
Rub-A-Dub Soldiers No Gun	F# major (2B)	108
Stalefish Be Careful	F# minor (11A)	152
The Ragga Twins Jerlipy Lip (Juggling Mix)	G major (9B)	174
Mr Quest & Flyin Doc Jerilipy Lipy	E major (12B)	105
TC IZ & Ed Solo One Time	E minor (9A)	176
Mr Quest Respect	F minor (4A)	175
U.K Apachi & Shy FX Nuttah V.I.P. (The Shy FX V.I.P. Bambaata Mix)	C major (8B)	132
U.K Apachi & Shy FX Nuttah V.I.P. (T-Power Hyperfunk Mix)	B major (1B)	125
Camo & Khan Mr. Mista	C# minor (12A)	132
Dancing Djedi Lion Youth	C# minor (12A)	130
St.Cal Red Light	E minor (9A)	115
St.Cal Little Man	C# major (3B)	174
Nuts One Light Tunnel	C major (8B)	173
Nuts One Metamorphosis	C# major (3B)	174
Nuts One Bad Dream	C# major (3B)	145
Nuts One Angel Dust	D major (10B)	170
Nuts One Capricorn	G# minor (1A)	97
Nuts One Bubble Gum	F# minor (11A)	120
Nuts One Acid Hazes	Ab major (4B)	76
Nuts One Strange Places	D major (10B)	62
Nuts One Cumulonimbus	A major (11B)	160
Nuts One Rusty Trombone	C# major (3B)	198
Nuts One Sinister Practices	C major (8B)	83
Nuts One Clockwork Wizards	D minor (7A)	175
Nuts One Astral Journey	E minor (9A)	105
Nuts One Disgrace	C# minor (12A)	129
Shiva Skank & Señor R Pa Tol Mundo	C# major (3B)	176
Stand High Patrol Brest Bay	A# minor (3A)	87
Stand High Patrol Boat People	D major (10B)	81
Stand High Patrol Home Made	B minor (10A)	96
Stand High Patrol Entertainer	F minor (4A)	77
Stand High Patrol The Big Tree	D major (10B)	167
Stand High Patrol Dub It	A minor (8A)	140
Stand High Patrol Holiday Today	D# minor (2A)	140
Stand High Patrol Automatic Attack	F# minor (11A)	140
M-K Ultra Freedom	D# minor (2A)	140
M-K Ultra Nebadon	C# major (3B)	102
M-K Ultra Polarizion	A# minor (3A)	93
Alix Perez & Youthman Promise Land	G minor (6A)	125
2D Dub Riddim	C# major (3B)	150
FX909 Kung Fu Man Dub	C# major (3B)	125
Diamond Eye Warrior Dub	F# minor (11A)	141
Alpha & Omega Rough And Tough	C# major (3B)	125
Alpha & Omega Creation	F# major (2B)	102
Alpha & Omega Love Rastafari	F# minor (11A)	130
Alpha & Omega Poormans Dub	G major (9B)	162
Alpha & Omega Dub Like A Warrior	G major (9B)	143
Alpha & Omega Tough Dub	C# major (3B)	125
Alpha & Omega Dub Creation	B minor (10A)	121
Alpha & Omega Love Dub	A# minor (3A)	130
Pupajim, Alpha Steppa Dear Friend (feat. Pupajim)	C minor (5A)	130
Pupajim, Alpha Steppa Dear Dub (feat. Pupajim)	C minor (5A)	130
King David Horns, Alpha Steppa Dear Friend (feat. King David Horns) [Trombone Mix]	C minor (5A)	130
Ras Divarius, Alpha Steppa Dear Friend (feat. Ras Divarius) [Violin Mix]	C minor (5A)	130
Dub Dynasty River Jordan	B minor (10A)	127
Dub Dynasty Ithiopia Dub	F minor (4A)	140
Dub Dynasty Thundering Mantis Part II	C minor (5A)	123
Dub Dynasty Black Rose Dub	B minor (10A)	130
Dub Dynasty Ever Powering Dub	B major (1B)	96
Dub Dynasty Welcome The Lion On Your Path	A minor (8A)	136
Jahyu Inner Truth	A# minor (3A)	130
Jahyu Shamanic Dance	E minor (9A)	140
Jahyu Legacy	C# major (3B)	140
Jahyu Humble Minded	A# minor (3A)	130
Jahyu Hallasan	A minor (8A)	140
Jahyu Three Legged Crow	D major (10B)	140
Jahyu Relief For The Poor	E minor (9A)	140
Jahyu Tree Of Life	B minor (10A)	140
Jahyu Lion Paw	D major (10B)	140
Jahyu Outlaw Basterds	D major (10B)	140
Jahyu Tal Joom	E minor (9A)	140
Jahyu Reincarnation Dub	A minor (8A)	140
DJ Nut Nut Special Dedication (Sigma Remix)	G# minor (1A)	175
DJ Nut Nut Special Dedication (Original Mix)	C# major (3B)	156
Lee Perry & The Full Experience Disco Devil	C major (8B)	78
Lee Perry Lion A De Winner	F# major (2B)	122
Junior Murvin Roots Train	G major (9B)	128
Missing Jack It Operator (Fracture's 'Jacket Operator' Remix)	E major (12B)	160
Missing Jack It Operator	C# major (3B)	174
Dubkasm Victory!	E minor (9A)	68
Dubkasm Victory! (Verse II)	E minor (9A)	68
Dubkasm Victory! (Verse III)	E minor (9A)	68
Dubkasm Victory! (Verse IV) (Raw Piece)	D major (10B)	137
Filteria Filtertraces (Astral Projection Remix)	A# minor (3A)	143
Astral Projection Let There Be Light (Filteria Remix)	C# major (3B)	144
Astral Projection Enlightened Evolution (Morphic Resonance Remix)	C# major (3B)	144
Astral Projection Another World (2017 Remix)	A major (11B)	143
Xenomorph Dying Sun	B minor (10A)	138
Battle Of The Future Buddhas Shinechaser	G major (9B)	145
MFG Global Light (Retro Version)	A minor (8A)	140
Oforia Emotionally Charged Memories	D major (10B)	138
Roy Sasson Mentalogue	C# major (3B)	140
RA Eikon	D minor (7A)	80
Khetzal Listening Winds	G minor (6A)	110
DJ Zen Anamatha (Remix)	F major (7B)	194
Khetzal Bells Of Sarnath	C major (8B)	150
Khetzal Narayana	C major (8B)	140
Khetzal Ganesha Pramana	C# major (3B)	160
Khetzal Indian Attic	C major (8B)	145
Khetzal Djaningar	A minor (8A)	130
Khetzal Avasari	F# major (2B)	100
MFG Desert Sun	C major (8B)	140
Astral Projection Aurora Borealis	B minor (10A)	138
Phreaky Paranormal Activity	C major (8B)	150
Chakra Hallucinator	Bb major (6B)	141
Sandman Tripulogic	G# minor (1A)	147
Sandman G-Force	A major (11B)	152
MFG Shape The Future	E minor (9A)	145
Inscape Atlantis	G# minor (1A)	116
Mad Tribe Planet Gone Mad	G# minor (1A)	145
Mad Tribe Rocket Power	C# major (3B)	146
Doof Let's Turn On	C# major (3B)	142
Doof Angelina	F minor (4A)	145
Doof Youth Of The Galaxy (Final Demand Mix)	B minor (10A)	145
Doof Double Dragons	E major (12B)	140
Doof Sunshrine	A# minor (3A)	145
Doof Secret Sun (Sunbeam Mix)	B minor (10A)	150
Doof Mars Needs Women (96 Mix)	G major (9B)	145
Doof Destination Bom	B major (1B)	148
Alien Project Magic	C major (8B)	145
Alien Project Groovy	C# minor (12A)	145
Alien Project Who Has The Marijuana?	G major (9B)	145
Alien Project I Remember The First Time	B minor (10A)	148
Alien Project One Good (Remix)	G major (9B)	145
Alien Project Fantasy	G major (9B)	145
KURO Into Space	A minor (8A)	143
Tommy Guerrero El Camino Negro	D major (10B)	97
Tommy Guerrero White Sands	B minor (10A)	91
Tommy Guerrero Highway Hustle	D minor (7A)	113
Tommy Guerrero A Distant Closeness	D major (10B)	186
Tommy Guerrero Postcard Home	B minor (10A)	118
Tommy Guerrero Heat In The Streets	F major (7B)	118
Tommy Guerrero Sidewalk Soul	F minor (4A)	116
Tommy Guerrero Slow Roll	A minor (8A)	79
Tommy Guerrero Los Padres	C# minor (12A)	175
Tommy Guerrero Where Water Once Was	A minor (8A)	106
Tommy Guerrero The Endless Road	E minor (9A)	102
The Shake Spears Summertime	G minor (6A)	131
The Shake Spears I'll Go Crazy	E major (12B)	135
The Shake Spears Give It To Me	G# minor (1A)	127
The Shake Spears Stop Playing That Song	F major (7B)	121
The Shake Spears Summertime Blues	G major (9B)	161
The Shake Spears Lucifer	E major (12B)	149
The Shake Spears The Shake Spears	A major (11B)	146
The Shake Spears Do That Again	D minor (7A)	89
The Shake Spears Don't Play Funny Games!	F major (7B)	128
The Shake Spears What Happened	D major (10B)	206
The Shake Spears Shake It Over	G major (9B)	103
The Shake Spears Main Theme From The Saint	Eb major (5B)	143
Stalefish Rudeboy	B minor (10A)	175
Dimension Of Soundz Herbalist	D major (10B)	140
Z-Plane Hopium (Goa Voice Mix)	Ab major (4B)	136
Z-Plane Hopium	C# major (3B)	134
Astral Projection Ionised	C major (8B)	129
Astral Projection Kabalah (New Age Mix)	Ab major (4B)	141
Nemesis Snake Dance	G major (9B)	144
Nemesis Two Worlds	C major (8B)	68
Slide Alien Hitmen	D major (10B)	142
Slide The Search	C# major (3B)	143
Hypnosys Joker	Ab major (4B)	141
Hypnosys Fantasian	C# major (3B)	162
Astral Projection Dancing Galaxy	G major (9B)	139
Astral Projection Soundform	C# minor (12A)	140
Astral Projection Flying Into A Star	A major (11B)	142
Astral Projection No-One Ever Dreams	A# minor (3A)	138
Astral Projection Featuring D.J. Jorg Cosmic Ascension	D minor (7A)	175
Astral Projection Life On Mars	F# major (2B)	144
Astral Projection Liquid Sun	E major (12B)	138
Astral Projection Ambient Galaxy (Disco Valley Mix)	G major (9B)	140
Desmond Dekker Israelites	Bb major (6B)	73
Desmond Dekker Licking Stick	C minor (5A)	111
Desmond Dekker Pickney Gal	C major (8B)	114
Desmond Dekker It Meek	Ab major (4B)	74
Desmond Dekker Life Of Opportunity	C major (8B)	98
Desmond Dekker I Believe	Ab major (4B)	130
Desmond Dekker Reggae Recipe	C# major (3B)	121
Desmond Dekker You Can Get It If You Really Want	C# major (3B)	128
Desmond Dekker Where Did It Go	C major (8B)	132
Desmond Dekker The More You Live	G major (9B)	101
Desmond Dekker Look What They're Doing To Me	Ab major (4B)	119
Desmond Dekker 007 Shanty Town	Ab major (4B)	97
Bob Marley & The Wailers Positive Vibration	B minor (10A)	132
Bob Marley & The Wailers Roots, Rock, Reggae	B minor (10A)	139
Bob Marley & The Wailers Johnny Was	F# minor (11A)	87
Bob Marley & The Wailers Cry To Me	G major (9B)	188
Bob Marley & The Wailers Want More	B minor (10A)	134
Bob Marley & The Wailers Crazy Baldhead	F# minor (11A)	126
Bob Marley & The Wailers Who The Cap Fit	G minor (6A)	138
Bob Marley & The Wailers Night Shift	C major (8B)	136
Bob Marley & The Wailers War	A# minor (3A)	146
Bob Marley & The Wailers Rat Race	Bb major (6B)	76
Bob Marley & The Wailers Easy Skanking	Bb major (6B)	126
Bob Marley & The Wailers Kaya	B major (1B)	98
Bob Marley & The Wailers Is This Love	F# minor (11A)	122
Bob Marley & The Wailers Sun Is Shining	A# minor (3A)	129
Bob Marley & The Wailers Satisfy My Soul	G major (9B)	128
Bob Marley & The Wailers Running Away	Ab major (4B)	119
Bob Marley & The Wailers Time Will Tell	Ab major (4B)	161
Shpongle Botanical Dimensions	B minor (10A)	135
Shpongle Outer Shpongolia	E minor (9A)	135
Shpongle Levitation Nation	B minor (10A)	135
Shpongle Periscopes Of Consciousness	E major (12B)	135
The Zombies Changes	G major (9B)	127
The Zombies I Want Her She Wants Me	G major (9B)	129
The Zombies This Will Be Our Year	A major (11B)	97
Sonic Boom On A Summer's Day	Eb major (5B)	112
Sonic Boom The Way That You Live	F# major (2B)	113
Chinese Man More	F# minor (11A)	96
The James Taylor Quartet Tko	C# major (3B)	115
The James Taylor Quartet Mr C	D minor (7A)	147
Chinese Man Chinese Man	F# major (2B)	84
Chopstick Dubplate Gundelero	D major (10B)	88
Chopstick Dubplate Chop Gundelero Riddim	A# minor (3A)	175
Santana Singing Winds, Crying Beasts	C major (8B)	120
Benny Page Urban Tribe	G major (9B)	175
Soundclash Raggamuffin	G major (9B)	86
Soundclash Crying Out	D major (10B)	176
Gaudi With Mad Professor Cinematic Dub	C# minor (12A)	110
Nirvana The Man Who Sold The World	C# minor (12A)	115
Nirvana Pennyroyal Tea	C# minor (12A)	113
Jacob Miller Baby I Love You So	G# minor (1A)	133
Jacob Miller King Tubby Meets Rockers Uptown	G major (9B)	97
Pink Floyd In The Flesh?	A major (11B)	151
Pink Floyd The Thin Ice	A minor (8A)	110
Pink Floyd Goodbye Blue Sky	G major (9B)	109
Pink Floyd The Great Gig In The Sky	F major (7B)	116
Pink Floyd Eclipse	Bb major (6B)	68
King Gizzard & The Lizard Wizard Lonely Steel Sheet Flyer	F major (7B)	116
Benny Page Feat. Topcat Sound Fi Dead	G major (9B)	175
Benny Page Feat. Topcat You've Been Boasting	C# major (3B)	175
Yann Tiersen I've Never Been There	G major (9B)	100
Yann Tiersen Already Gone	D minor (7A)	104
Yann Tiersen Naomi	G major (9B)	73
Yann Tiersen Evening Party	E minor (9A)	103
Yann Tiersen It Was There...	B minor (10A)	82
Echo Vault & Jah Timothy I N I (Extended Mix)	D major (10B)	128
Forward Fever Ft Jah Timothy & Cyndica Hungry Lion (Extended Mix)	A# minor (3A)	126
Jah Embassy Players Ft Jah Timothy Self Confidence	D# minor (2A)	125
Jinx In Dub Seek And Find (Jinx In Dub Meets Kanjah)	C# minor (12A)	110
Ed Solo And Stickybuds Smoke The Weed	A# minor (3A)	175
Ed Solo And Stickybuds Joker Smoker	C# major (3B)	146
DJ Deekline & Ed Solo Hot This Year	G major (9B)	175
DJ Deekline & Ed Solo Remember	C# major (3B)	175
DJ Dubb Cenizas De Babylon	C# minor (12A)	110
Vandal Mr. Politician	F minor (4A)	100
Kraftwerk Autobahn	D major (10B)	150
Kraftwerk Kometenmelodie 1	C major (8B)	70
Kraftwerk Kometenmelodie 2	C major (8B)	134
Skinshape Azon De Ma Gnin	C major (8B)	128
Skinshape Amigos E Inimigos	C minor (5A)	150
Skinshape Sun	C major (8B)	141
Skinshape Sudan	G minor (6A)	114
Skinshape Dourlé	E minor (9A)	101
Vibronics Positive Dub	A major (11B)	154
Vibronics Beat Down Babylon	E major (12B)	134
Vibronics Dub Crisis	B minor (10A)	116
Vibronics Kali Mountain	A minor (8A)	138
Vibronics Rosetta Stone	A# minor (3A)	133
Vibronics Congo Natty	A minor (8A)	131
Alpha & Omega Book Of Dub	C# minor (12A)	121
The Disciples Poor Man's Prayer	G major (9B)	140
The Disciples Poor Man's Dub	G major (9B)	140
Alpha & Omega The Oracle	C# minor (12A)	119
Alpha & Omega The Tabernacle	C# minor (12A)	119
The Disciples Roaring Lion	Eb major (5B)	143
Tame Impala Apocalypse Dreams	Ab major (4B)	128
Tame Impala Mind Mischief	F# major (2B)	161
Tame Impala Music To Walk Home By	G major (9B)	101
Tame Impala Why Won't They Talk To Me?	G major (9B)	130
Tame Impala Feels Like We Only Go Backwards	D minor (7A)	150
Tame Impala Keep On Lying	C minor (5A)	124
Tame Impala Elephant	A minor (8A)	123
Tame Impala She Just Won't Believe Me	C major (8B)	141
Tame Impala Nothing That Has Happened So Far Has Been Anything We Could Control	Eb major (5B)	100
Tame Impala Sun's Coming Up	G minor (6A)	124
Radikal Guru Earthwalker	G major (9B)	140
Radikal Guru Stay Calm	D major (10B)	140
Peter Tosh (You Gotta Walk) Don't Look Back	G major (9B)	91
Peter Tosh Pick Myself Up	D major (10B)	139
Peter Tosh I'm The Toughest	A major (11B)	175
Peter Tosh Soon Come	A minor (8A)	139
Peter Tosh Dem Ha Fe Get A Beatin	A major (11B)	128
Peter Tosh Creation	C major (8B)	80
Pablo Moses Dig On	A minor (8A)	130
Moby Guitar Flute & String	E minor (9A)	125
UK Apache Concrete Jungle (Vocal Mix)	D major (10B)	135
UK Apache Concrete Jungle (Dub Mix)	D major (10B)	135
Cadency Unbroken	A# minor (3A)	134
Ott Scilly Automatic	B minor (10A)	140
Ott Jack's Cheese And Bread Snack	C major (8B)	144
Ott Somersettler	A# minor (3A)	140
Ott Splitting An Atom	A minor (8A)	190
Ott Escape From Tulse Hell	E minor (9A)	144
Ott Cley Hill	C# minor (12A)	76
Ott Billy The Kid Strikes Back	F major (7B)	196
Ott Spannered In Pilton	F# minor (11A)	154
Ott Smoked Glass And Chrome	Bb major (6B)	104
Ott From Trunch To Stromness	Bb major (6B)	135
Ott The Queen Of All Everything	B minor (10A)	134
Ott Rogue Bagel	Ab major (4B)	98
Ott A Nice Little Place	Bb major (6B)	106
Ott The Aubergine Of The Sun	C major (8B)	91
Ott A Gentle Place By Birth Is You	E major (12B)	83
Ott 16mm Summer Day	B minor (10A)	135
Ott Coursing Batch	A minor (8A)	132
Ott Harwell Dekatron	G major (9B)	128
Ott Unit Delta Plus	C major (8B)	154
Ott Hello, My Name Is...	G major (9B)	93
Gorillaz Kids With Guns	E minor (9A)	106
Gorillaz November Has Come	G major (9B)	84
Gorillaz All Alone	G major (9B)	148
Gorillaz White Light	B minor (10A)	155
Gorillaz Dare	B minor (10A)	120
Gorillaz Fire Coming Out Of The Monkey's Head	A minor (8A)	100
Gorillaz Don't Get Lost In Heaven	D major (10B)	125
Gorillaz Demon Days	F# major (2B)	139
Gorillaz 19/2000 (Original Mix)	G major (9B)	90
Gorillaz Starshine	B minor (10A)	108
Gorillaz Slow Country	A major (11B)	144
Gorillaz M1 A1	G minor (6A)	131
Gorillaz Clint Eastwood (Ed Case/Sweetie Irie Refix)	B major (1B)	132
Cream World Of Pain	D major (10B)	107
Cream Dance The Night Away	A minor (8A)	128
Cream Blue Condition	C major (8B)	80
Cream Swlabr	E minor (9A)	124
The Deviant S.T.C. (Edit)	D major (10B)	128
Semsis Semsis	A minor (8A)	103
X Dream Our Own Happiness	Bb major (6B)	139
Sparks Inked Body	C# major (3B)	100
Paranoiak Cocaine Amplifier	C# minor (12A)	160
Ritchy VS Psylotribe Big Mouth	C major (8B)	152
Guigoo Bongotek	F major (7B)	110
Vandal The Youth Of Today	A# minor (3A)	190
Guigoo Sensitek	E minor (9A)	125
Pitch Madattak Mary Jane	G major (9B)	185
SKRY Raggastorm	A minor (8A)	95
Pitch Madattak Stamp Your Feet	C# major (3B)	190
Maotai & Monkey Selektah Bun It	B minor (10A)	95
MikkiM & MC Turner Body & Soul (Maotai & Monkey Selektah Remix)	G major (9B)	102
Pixel Fussin' & Fightin'	C minor (5A)	175
Mystic Pulse Don't Fool Rasta	A minor (8A)	173
Lou Reed Perfect Day	Bb major (6B)	145
Lou Reed Hangin' Around	G major (9B)	146
Lou Reed Walk On The Wild Side	C major (8B)	105
Lou Reed Make Up	Bb major (6B)	97
Lou Reed Satellite Of Love	F major (7B)	122
Lou Reed Wagon Wheel	G major (9B)	135
Lou Reed New York Telephone Conversation	D major (10B)	87
Lou Reed I'm So Free	F major (7B)	162
Lou Reed Goodnight Ladies	Bb major (6B)	89
Wu-Tang Clan Bring Da Ruckus	B major (1B)	88
Aries I Try	C# minor (12A)	114
DJ Panik Super Skank	G major (9B)	175
Mungo's HiFi Around The Redub	A minor (8A)	132
The War On Drugs Under The Pressure	F# major (2B)	134
The War On Drugs Red Eyes	Bb major (6B)	162
The War On Drugs Suffering	C major (8B)	138
The War On Drugs Lost In The Dream	G major (9B)	113
The War On Drugs In Reverse	C# major (3B)	114
Whitney Bank Head	E minor (9A)	127
Whitney A.M. AM	E major (12B)	121
The Ragga Twins Every Sound	G minor (6A)	94
Mr. Quest E.Legal Gunshot	C# major (3B)	180
DJ Dhanu Foxy 2 Tails	G minor (6A)	147
TC IZ & Ed Solo Shut Em Down	A# minor (3A)	176
Mr Quest ft. Lady MC The Message	F major (7B)	178
Jah Scoop Feat. Jago and Natty Campbell The Techno Ragga	A minor (8A)	132
Jah Scoop Meets RDF Difference Of Time	C# major (3B)	128
Benji303 Horns Of Jericho	B minor (10A)	166
Benji303 That Day Must Come	C minor (5A)	191
U.K Apachi & Shy FX Original Nuttah (Bass Mix)	C# major (3B)	113
U.K Apachi & Shy FX Original Nuttah (The Bollywood Mix)	C# major (3B)	113
Nuts One The Crypt	B major (1B)	176
Nuts One Ghost Yard	C major (8B)	92
Nuts One Short-Circuit	C# major (3B)	168
Shiva Skank & Señor R Pa Tol Mundo (Boombassbrothers Remix)	C# major (3B)	176
Marina P, Stand High Patrol Working Class	G major (9B)	120
Marina P, Stand High Patrol Atmosphere	C# major (3B)	75
Marina P, Stand High Patrol Landlord	A minor (8A)	120
Marina P, Stand High Patrol Fragile	C major (8B)	136
Marina P, Stand High Patrol Spring Rain	G major (9B)	120
Marina P, Stand High Patrol Dreamcatcher	C# minor (12A)	86
Marina P, Stand High Patrol Raw Lines	D# minor (2A)	108
Marina P, Stand High Patrol Summer On Mars	D minor (7A)	145
Marina P, Stand High Patrol Rosetta	D minor (7A)	145
Stand High Patrol Commando	C# minor (12A)	81
M-K Ultra Neurocosmik	G# minor (1A)	138
Stalefish Too Greedy (Rmx)	B minor (10A)	144
Stalefish Murder Style	B major (1B)	100
Metod MC Electricité (Stalefish Remix)	F minor (4A)	130
Metod MC Télé Réalité	A minor (8A)	98
Stalefish Ride On (Remix)	B minor (10A)	140
2D Break The Alarm	A minor (8A)	128
FX909 Woman Dub	F minor (4A)	127
Lord Bitum & Metod MC Soundboy	Bb major (6B)	106
Mooncat vs Capleton Small World	C# major (3B)	71
Kafra Riddim 1	A major (11B)	100
Alpha & Omega Poormans Style	C# major (3B)	122
Alpha & Omega Walk Like A Warrior	Eb major (5B)	148
Dub Dynasty Blessed Ithiopia	F minor (4A)	140
Dub Dynasty Thundering Mantis	G major (9B)	140
Dub Dynasty Black Rose	A major (11B)	130
Shakta Expedition To Earth	F# major (2B)	146
Astral Projection Dominion	F major (7B)	146
Shpongle Schmaltz Herring	E minor (9A)	135
Shpongle Nothing Lasts...	B minor (10A)	150
Shpongle Shnitzled In The Negev	B minor (10A)	150
Shpongle Molecular Superstructure	C# major (3B)	107
Shpongle Turn Up The Silence	D major (10B)	130
Shpongle Exhalation	Eb major (5B)	68
Shpongle Connoisseur Of Hallucinations	B minor (10A)	165
Shpongle The Nebbish Route	B minor (10A)	165
Shpongle Falling Awake	E minor (9A)	83
Shpongle Hammock Therapy	G major (9B)	146
Shpongle Shpongle Falls	C# major (3B)	130
Shpongle Shpongle Spores	Ab major (4B)	157
Shpongle Vapour Rumours	A# minor (3A)	122
Shpongle Monster Hit	G major (9B)	80
Shpongle Behind Closed Eyelids	A major (11B)	122
Shpongle Divine Moments Of Truth	F# major (2B)	91
Shpongle ...And The Day Turned To Night	A# minor (3A)	165
Parov Stelar Keep On Dancing	B minor (10A)	117
Parov Stelar Josephine	C# major (3B)	120
Parov Stelar Libella Swing	A major (11B)	124
Parov Stelar The Mojo Radio Gang (Radio Version)	Ab major (4B)	128
Parov Stelar Love Remix	E minor (9A)	124
Parov Stelar Faith	G# minor (1A)	112
Parov Stelar Matilda (Radio Edit)	E minor (9A)	130
Parov Stelar Shine	F# major (2B)	104
Parov Stelar Jimmy's Gang (Radio Edit)	A minor (8A)	125
Mickey Finn And Aphrodite Bad Ass !	C# major (3B)	84
Dire Straits Private Investigations	E minor (9A)	84
Dire Straits Industrial Disease	A major (11B)	150
Dire Straits Love Over Gold	F major (7B)	96
Dire Straits It Never Rains	D major (10B)	120
Dire Straits So Far Away	E major (12B)	114
Dire Straits Money For Nothing	D minor (7A)	134
Dire Straits Walk Of Life	E major (12B)	172
Dire Straits Your Latest Trick	E major (12B)	123
Dire Straits Why Worry	E major (12B)	94
Dire Straits Ride Across The River	E minor (9A)	143
Dire Straits The Man's Too Strong	G major (9B)	98
Dire Straits One World	B minor (10A)	108
Dire Straits Brothers In Arms	G# minor (1A)	79
The Velvet Underground & Nico Sunday Morning	F minor (4A)	106
The Velvet Underground & Nico I'm Waiting For The Man	G major (9B)	126
The Velvet Underground & Nico Run Run Run	G major (9B)	144
The Velvet Underground & Nico All Tomorrow's Parties	D major (10B)	93
The Velvet Underground & Nico Heroin	C# major (3B)	146
The Velvet Underground & Nico There She Goes Again	G major (9B)	124
The Velvet Underground & Nico I'll Be Your Mirror	G major (9B)	109
The Velvet Underground & Nico The Black Angel's Death Song	G major (9B)	122
The Velvet Underground & Nico European Son	G major (9B)	77
Kit Desolate	F# major (2B)	170
Kit Survive	F# minor (11A)	130
Kit Between Us	B minor (10A)	172
Kit Out Of Touch	D major (10B)	174
Gramatik Brave Men	E major (12B)	75
Gramatik Torture	D major (10B)	96
Gramatik Bluestep	E minor (9A)	142
Gramatik Pardon My French	C# minor (12A)	120
Gramatik We Used To Dream	G minor (6A)	85
Gramatik You Don't Understand	A major (11B)	145
Gramatik Obviously	G major (9B)	97
Gramatik Control Room Before You	C# major (3B)	152
Gramatik Prime Time	B minor (10A)	100
Gramatik Get A Grip	F# major (2B)	100
Gramatik Just Jammin' NYC	G major (9B)	170
Gramatik Expect Us	B major (1B)	104
Gramatik Faraway	C# major (3B)	94
Gramatik No Turning Back	E minor (9A)	82
Gramatik It's Just A Ride	B minor (10A)	95
Gregory Isaacs Slave Market	A major (11B)	135
Gregory Isaacs Soon Forward	C major (8B)	148
Queen We Will Rock You	D major (10B)	81
Queen We Are The Champions	G minor (6A)	64
Eek-A-Mouse Ganja Smuggling	F minor (4A)	72
The Roots Radics Smuggling Dub	Bb major (6B)	142
Bob Marley Sun Is Shining	A# minor (3A)	129
Lee "Scratch" Perry & The Upsetters Soul Fire	C major (8B)	97
Toots & The Maytals 54-46 Was My Number	C major (8B)	160
Alpha Blondy Brigadier Sabari	A# minor (3A)	88
Horace Andy Horse With No Name	E minor (9A)	131
Simply Red Night Nurse	G major (9B)	157
Yellowman Zungguzungguguzungguzeng	F# minor (11A)	165
Sister Nancy Bam Bam	F major (7B)	166
Marcia Aitken I'm Still In Love With You	G major (9B)	81
Black Uhuru I Love King Selassie	F minor (4A)	146
Max Romeo Material Man	A minor (8A)	133
The Wailers I Shot The Sherif (Instrumental)	F# minor (11A)	162
Dennis Brown (Brother) Stop The Fussing & Fighting	Eb major (5B)	73
The Mighty Diamonds Pass The Kutchie	C major (8B)	143
